	Contact me at shoelessinsight@gmail.com for questions/comments.																										
	Monster Statistics																										
																											
	# of			AC								Flat-footed AC								Touch AC							
CR	Entries			Min	Max	Mean	Median	Mode	Std Dev			Min	Max	Mean	Median	Mode	Std Dev			Min	Max	Mean	Median	Mode	Std Dev		CR
1	173	14,13,14,13,14,13,6,17,15,14,13,14,12,12,7,13,17,17,13,12,12,12,15,15,14,15,15,15,14,14,13,14,16,12,16,14,13,16,14,14,17,14,18,18,13,13,15,12,14,14,15,14,13,16,14,13,14,12,12,14,15,14,14,16,17,16,12,15,15,13,14,15,13,17,15,14,13,13,15,12,16,14,11,14,15,12,14,11,14,18,14,15,14,16,15,14,14,17,16,13,14,13,12,7,19,15,13,13,15,15,13,14,12,15,16,14,14,18,13,14,10,13,16,12,15,13,13,14,14,13,14,14,14,12,12,13,14,16,17,17,16,15,16,14,15,16,16,17,12,17,16,13,13,13,13,15,13,15,14,15,14,16,14,15,18,14,14,14,14,14,14,13,14		6	19	14.1	14	14	1.87	14,11,11,11,14,13,6,14,12,13,12,13,11,11,7,13,12,13,10,12,12,12,12,12,14,12,11,13,11,11,12,13,13,12,14,12,10,13,13,13,14,13,15,15,13,13,14,11,12,12,13,11,11,11,12,10,12,11,11,12,13,12,11,16,17,16,11,11,15,11,12,13,11,12,14,10,11,11,15,12,15,12,9,13,15,12,12,11,12,13,13,13,12,14,13,11,14,17,15,12,11,11,11,7,14,12,11,12,13,14,12,11,12,12,16,14,11,18,11,11,10,12,14,12,13,11,12,11,13,11,12,11,12,11,10,11,12,16,14,17,14,13,16,12,15,16,14,17,11,14,11,11,10,13,12,11,11,15,13,12,12,14,13,14,14,12,12,12,12,12,14,12,12		6	18	12.4	12	12	1.80	10,12,14,13,14,13,6,17,15,12,12,13,12,12,7,9,17,16,12,10,12,10,14,14,10,15,15,13,14,13,11,11,14,11,13,13,13,13,11,12,14,12,14,14,10,10,13,12,12,12,13,13,12,16,12,13,12,11,11,12,12,13,13,11,11,8,10,14,10,12,13,13,13,17,11,14,13,13,10,8,13,14,11,10,14,6,12,8,12,17,12,12,12,13,12,14,10,10,12,10,14,12,11,7,17,15,13,11,12,12,12,14,10,14,10,10,14,10,12,14,10,13,14,10,13,12,11,14,12,12,14,13,13,12,12,12,14,11,14,10,13,15,10,13,10,10,13,11,12,17,16,12,13,11,11,15,12,9,12,14,14,13,11,13,18,13,14,13,12,14,14,10,14		6	18	12.3	12	12	2.05		1
2	276	16,14,15,17,13,14,14,18,16,14,14,16,16,16,16,14,13,14,16,14,16,16,14,17,17,14,15,16,13,14,15,14,15,15,15,15,14,16,14,15,11,14,17,7,15,18,15,14,16,14,16,15,12,12,16,16,14,14,15,16,16,17,15,13,14,14,20,19,18,14,14,16,19,15,15,15,13,16,16,18,18,14,16,18,15,20,14,15,19,15,18,15,13,15,15,14,18,14,14,15,13,14,16,15,13,11,11,13,14,16,15,13,14,17,14,19,21,16,14,16,15,17,18,17,17,20,20,17,16,16,17,16,15,15,15,15,15,14,12,20,16,14,16,15,13,13,12,18,19,17,17,14,14,15,15,15,16,12,14,15,12,14,14,18,15,18,16,18,14,17,13,16,14,16,14,17,16,14,14,15,12,13,16,15,16,17,14,16,19,15,18,13,17,15,14,16,17,14,20,19,14,18,13,14,14,13,15,15,15,16,14,15,14,14,21,16,15,13,8,14,15,18,18,17,15,15,15,15,15,17,16,16,14,14,11,13,17,15,14,15,17,18,13,16,14,13,10,14,18,15,18,20,15,16,15,15,16,17,16,14,12,14,16,19,17,22,14,14,14,18,19,17,14,14,15,14		7	22	15.3	15	14	2.07	13,14,13,14,13,11,11,17,13,12,12,14,13,13,15,12,13,14,13,14,13,15,12,13,16,12,13,16,12,12,14,14,12,14,14,12,14,14,13,11,11,11,15,7,13,14,14,12,12,13,14,12,10,10,13,16,13,13,13,13,13,13,13,11,14,12,16,16,15,14,14,13,16,13,11,12,12,15,15,14,14,13,15,15,14,18,10,13,15,13,26,14,11,13,14,11,14,14,12,15,12,14,15,12,11,10,10,12,12,13,12,11,13,14,12,18,20,13,11,13,13,15,13,13,15,18,18,13,13,15,12,15,12,14,11,15,11,11,11,18,15,12,12,12,9,12,11,17,13,17,17,13,11,14,13,12,15,11,12,11,12,13,11,15,12,14,13,16,13,14,13,14,12,14,13,13,14,11,14,14,11,12,13,13,14,14,12,13,19,14,14,11,13,14,11,15,16,12,18,15,12,13,12,12,13,11,14,13,15,14,12,13,12,12,19,13,12,12,8,12,13,14,14,16,13,13,13,13,11,13,13,15,12,12,11,11,15,13,14,14,13,14,13,13,14,12,9,12,16,12,18,18,14,14,12,12,13,15,14,11,11,13,13,15,16,20,14,12,12,16,16,14,12,12,13,13		7	26	13.3	13	13	2.06	15,11,12,15,9,12,12,11,13,12,12,16,15,14,12,12,11,10,13,9,13,15,12,15,11,12,13,12,11,12,11,11,15,11,11,13,11,14,12,14,9,12,13,7,13,16,14,12,14,11,16,13,12,12,13,9,10,13,11,14,14,16,12,11,9,11,14,14,15,10,11,15,13,13,13,15,12,13,13,16,16,12,11,15,13,12,14,12,18,12,12,11,13,13,12,14,14,9,12,10,10,4,11,12,13,11,11,11,11,12,13,11,10,13,11,19,11,15,12,14,12,12,15,16,14,13,13,14,13,11,16,11,14,11,15,11,14,14,12,20,11,13,16,13,13,11,10,11,16,9,10,11,13,11,12,15,11,10,12,14,10,10,13,12,15,15,15,14,11,15,10,12,13,12,12,17,16,12,10,15,12,13,15,14,14,15,14,15,10,13,16,11,14,11,13,11,10,12,12,15,12,17,11,12,10,12,13,14,8,13,13,14,14,12,12,13,13,11,8,13,12,15,15,12,12,14,14,14,14,16,14,11,12,11,8,12,12,12,8,11,15,14,10,16,10,11,8,13,12,15,8,12,12,13,14,15,14,12,11,13,9,9,13,14,11,12,10,12,12,12,15,15,12,12,11,11		4	20	12.5	12	12	2.08		2
3	278	15,17,25,15,16,17,14,14,16,17,15,14,15,17,15,18,13,15,13,16,18,15,16,16,14,14,20,15,15,15,16,16,10,14,18,15,14,16,17,17,16,17,15,17,15,17,15,17,14,15,15,15,17,17,14,15,15,17,16,15,21,17,18,15,15,15,15,15,17,15,18,17,17,16,17,17,15,16,18,14,4,15,15,15,15,15,14,14,19,15,15,15,15,17,15,18,15,18,16,15,15,14,16,15,16,16,15,15,13,13,16,15,17,6,18,15,14,16,15,17,15,8,18,12,16,15,15,15,15,15,16,17,15,14,21,14,15,15,19,12,17,14,16,16,17,17,16,17,15,15,17,29,15,14,16,19,18,17,16,16,16,16,16,17,17,15,17,15,15,15,15,15,14,15,15,16,4,16,15,16,15,15,15,19,17,17,20,16,17,17,14,15,16,17,15,17,16,14,20,19,14,17,15,16,18,15,16,18,14,15,15,14,15,14,15,17,16,15,19,14,8,15,14,17,19,17,15,15,15,17,16,15,17,17,14,9,16,16,16,17,18,15,17,15,15,15,18,17,15,16,18,17,14,16,17,15,15,17,15,15,15,14,16,11,23,11,17,13,17,17,15,15,15,18,18,15,18,15		4	29	15.7	15	15	2.33	15,13,24,12,15,14,13,12,16,16,15,14,12,15,13,17,12,13,11,16,15,12,14,13,14,14,18,15,15,11,14,13,10,14,15,11,13,13,14,15,14,14,11,17,14,13,13,15,12,13,13,13,13,14,12,12,12,14,14,14,18,13,14,13,12,12,15,12,13,14,18,15,14,15,13,14,12,11,17,13,4,12,13,13,15,13,12,12,17,14,12,14,13,15,14,16,14,18,16,13,12,13,11,14,14,16,11,13,13,13,13,12,13,6,15,14,12,15,13,15,13,8,17,11,16,11,12,15,13,13,13,14,14,12,20,12,12,13,17,11,17,11,15,16,17,13,16,13,12,14,17,27,15,13,15,13,18,13,12,16,11,16,16,13,16,14,14,11,13,10,15,14,12,14,11,12,4,13,13,13,14,14,12,15,15,17,12,15,16,14,12,15,15,13,12,14,11,11,12,19,12,15,13,13,15,14,15,18,14,14,12,14,12,12,13,14,12,15,15,14,8,14,11,13,14,14,13,11,13,13,11,13,17,17,14,9,13,14,15,13,14,12,15,14,13,14,16,14,12,15,13,17,10,14,14,15,15,17,13,14,15,12,14,10,16,10,16,11,15,14,14,13,13,15,15,13,14,15		4	27	13.7	14	13	2.31	10,15,13,13,11,13,14,10,9,11,9,10,13,13,12,10,9,12,12,10,14,13,12,14,9,9,11,10,10,15,16,14,6,8,13,15,11,13,13,13,12,13,15,9,11,17,12,13,11,11,11,11,13,12,11,12,12,15,12,12,13,14,14,12,13,13,10,12,14,12,8,12,13,11,13,15,15,16,11,11,4,13,13,11,9,11,11,11,11,12,12,10,11,12,10,12,12,10,9,11,12,10,16,8,10,9,15,12,9,8,15,15,14,6,12,11,12,11,11,12,11,6,12,10,10,14,13,7,11,11,13,13,12,11,11,12,13,13,11,11,8,12,11,10,10,15,10,14,12,11,11,16,9,10,11,16,9,14,16,10,15,9,10,14,11,12,14,15,11,14,9,10,11,15,13,14,4,12,12,12,11,11,13,15,12,8,18,12,12,13,11,10,11,15,15,13,14,14,19,19,14,12,12,13,13,11,11,18,9,12,14,10,15,14,13,13,14,10,16,12,8,11,13,13,16,14,12,14,12,15,16,12,9,13,9,9,13,11,10,14,14,14,12,13,13,11,12,15,12,11,15,11,14,13,17,9,9,9,12,15,9,12,12,11,11,11,11,9,9,15,11,11,11,15,15,12,16,9		4	19	12.0	12	11	2.33		3
4	262	17,17,17,18,17,17,18,17,15,16,19,17,20,16,16,19,19,17,17,17,17,17,18,15,17,16,16,16,14,18,17,16,20,16,17,18,22,20,16,18,16,18,15,18,18,20,18,18,14,18,13,18,5,16,18,18,16,18,17,15,16,17,18,17,17,16,16,16,17,17,16,17,17,17,15,18,17,18,16,15,16,16,15,17,16,20,24,17,18,17,18,16,17,17,15,17,14,19,19,19,20,15,5,19,17,16,17,16,16,20,18,17,17,16,15,14,19,17,17,15,17,18,20,20,19,17,18,18,17,17,17,23,16,17,16,19,16,17,18,18,16,14,16,5,18,16,12,17,18,17,20,17,17,19,19,16,16,19,5,16,14,20,16,17,17,19,15,18,17,17,19,16,17,17,15,17,17,16,17,17,17,15,15,18,14,18,16,17,16,19,18,12,16,16,19,17,13,18,18,16,15,18,18,17,15,16,18,17,17,15,17,15,19,18,17,18,17,16,17,18,17,17,19,17,16,17,16,14,15,15,16,22,17,18,15,14,18,17,20,18,16,16,17,17,20,21,20,16,23,16,20,19,13,15,19,17,17,17,14,18,19,15		5	24	16.9	17	17	2.28	15,17,14,16,16,16,17,16,15,16,17,15,17,14,15,14,17,15,16,16,15,17,18,15,16,13,13,14,12,18,14,16,17,12,16,12,15,18,14,14,16,15,15,15,16,13,14,15,13,15,11,16,5,14,14,14,15,17,14,15,13,13,14,12,15,13,16,16,14,15,14,16,15,14,13,18,15,14,13,14,15,13,13,15,14,19,20,15,13,13,18,12,17,17,14,15,13,16,16,17,18,13,5,17,14,14,15,15,15,14,14,13,13,13,12,14,19,13,15,14,13,14,16,17,19,14,15,16,15,14,15,21,14,13,13,19,13,17,14,18,14,11,13,5,12,14,12,14,17,13,17,14,15,16,13,14,14,17,5,15,14,20,16,12,16,19,13,15,12,15,15,15,17,16,14,15,15,15,14,15,17,15,12,,12,16,16,15,13,16,15,12,16,16,17,14,18,17,17,13,15,15,13,13,13,10,17,14,12,12,17,11,17,14,17,16,17,14,14,15,14,16,18,13,16,14,14,12,13,14,13,21,13,16,14,13,14,14,18,16,16,14,14,14,15,19,20,14,21,13,17,16,13,12,16,15,16,16,13,15,18,12		5	21	14.8	15	14	2.29	12,10,13,12,12,11,11,11,10,10,11,11,13,12,13,16,13,12,11,11,12,9,11,9,11,12,13,12,14,18,13,10,13,15,11,16,17,12,11,18,10,12,9,13,12,20,14,13,10,18,12,16,5,12,14,14,11,11,12,9,12,14,15,14,12,16,9,9,14,12,13,11,12,13,12,8,11,14,12,11,11,12,15,12,12,11,14,12,15,15,9,13,9,9,10,11,10,12,12,12,11,12,5,10,13,12,11,11,10,18,14,13,13,13,15,9,10,14,11,9,13,14,17,13,9,12,13,14,12,13,12,13,12,15,14,10,13,9,18,8,11,14,14,5,18,12,5,13,11,15,14,13,11,15,16,11,11,12,5,11,9,10,10,16,11,8,11,13,15,11,13,11,9,10,10,11,10,10,13,12,11,11,15,17,12,12,9,12,13,15,13,8,10,10,12,17,7,11,10,13,9,12,15,14,14,16,10,13,15,14,9,15,12,18,5,12,9,12,15,14,13,11,11,14,9,13,13,11,11,10,13,11,15,12,11,10,14,15,13,13,10,12,14,14,15,20,9,12,11,13,12,13,9,12,15,13,10,10,10,15,10,13		5	20	12.1	12	12	2.52		4
5	223	19,20,16,18,18,16,18,19,20,17,18,18,18,17,19,20,17,18,16,18,10,19,17,21,19,17,17,18,18,20,19,18,18,18,15,17,19,16,17,19,16,19,17,17,21,20,19,19,20,17,18,18,21,16,18,15,15,14,15,19,15,11,18,17,18,18,17,14,19,16,18,16,17,16,17,20,18,18,23,18,19,17,18,18,18,19,19,18,16,15,19,19,18,17,17,19,30,16,18,16,19,20,20,19,17,18,16,15,19,17,17,15,20,17,17,17,16,18,18,10,17,18,20,14,17,21,18,19,18,17,18,16,17,19,14,18,18,17,18,14,17,18,18,16,18,19,20,19,18,19,17,18,16,17,19,15,18,4,18,18,17,16,20,18,21,17,17,20,17,19,18,18,21,16,17,18,18,18,18,16,16,18,13,18,15,20,18,19,18,16,15,18,16,18,17,19,19,20,14,18,21,21,14,16,14,19,16,16,18,19,19,19,19,19,17,17,18,18,18,18,18,19,17		4	30	17.6	18	18	2.20	19,18,16,16,17,16,16,18,18,16,17,14,17,17,17,16,12,14,15,17,10,16,17,15,15,15,17,15,18,16,16,16,14,14,13,15,16,13,14,18,16,16,15,17,18,15,19,14,16,13,13,17,18,10,15,13,13,11,14,14,12,10,16,17,16,14,14,13,17,14,17,12,17,14,15,18,17,18,21,16,19,14,17,17,16,16,17,17,16,14,17,17,16,17,15,16,26,16,15,14,16,18,20,18,14,13,16,13,18,15,17,13,16,17,15,17,16,17,16,10,16,15,15,12,14,13,18,13,11,16,11,16,16,13,14,15,17,17,14,12,15,16,18,13,11,16,20,13,16,17,16,16,14,14,17,11,17,4,16,18,15,14,17,16,16,14,15,17,13,15,17,13,20,14,17,14,14,14,18,15,14,15,11,16,14,18,14,15,16,16,13,15,14,14,15,18,17,18,14,15,19,19,12,14,12,16,16,15,16,17,17,16,18,14,13,16,15,14,16,16,14,14,16		4	26	15.4	16	16	2.28	8,11,9,12,11,10,12,9,20,10,10,16,11,9,12,14,15,14,10,10,10,12,9,16,14,11,9,14,8,13,13,12,14,14,15,11,12,16,12,11,11,13,12,9,13,16,8,16,14,14,15,10,13,16,12,12,11,14,9,14,15,11,12,9,11,14,17,11,11,10,10,16,9,12,12,12,15,9,17,12,9,13,10,10,11,13,11,10,9,10,11,11,10,9,11,13,14,4,18,11,13,12,6,11,17,15,9,11,11,11,9,12,12,7,12,9,8,11,12,5,9,14,20,14,17,17,8,15,18,10,16,8,10,15,9,12,10,9,15,14,11,12,8,12,17,12,10,16,12,11,10,12,12,13,11,14,10,4,10,9,11,10,12,12,15,12,12,12,15,15,11,16,11,11,10,14,14,14,8,10,11,13,12,12,11,12,14,13,12,9,12,12,12,18,10,10,11,12,8,12,12,11,12,11,14,13,8,11,12,13,13,17,19,15,13,10,12,18,13,13,14,15,11		4	20	12.0	12	12	2.70		5
6	203	19,21,22,20,19,20,16,19,21,19,20,20,20,19,19,21,20,20,20,20,17,18,16,18,20,18,16,19,18,14,20,19,16,17,18,20,18,19,16,20,20,19,19,20,21,19,16,19,18,19,18,16,18,18,19,6,19,20,18,15,18,24,18,19,20,20,19,19,19,19,16,19,19,18,4,19,19,17,23,19,19,20,21,21,17,19,19,20,19,23,18,5,19,18,15,25,19,21,20,19,21,21,18,19,20,9,20,17,20,18,16,20,17,21,16,4,20,16,23,19,20,19,17,20,17,19,17,18,19,18,21,17,16,20,16,17,21,21,17,20,18,20,19,19,18,19,19,20,18,19,18,19,20,19,19,7,19,19,20,19,21,21,18,16,22,22,23,20,21,6,16,17,19,19,19,18,19,21,17,17,3,19,17,5,20,18,21,22,3,26,19,20,19,19,19,19,19,21,21,18,20,22,20		3	26	18.4	19	19	3.49	16,21,22,19,19,20,12,17,17,18,15,15,15,17,18,17,17,14,16,18,17,18,13,15,16,16,15,17,16,12,19,19,16,14,16,19,18,16,16,16,17,19,10,19,20,+1,14,18,17,17,16,14,16,18,17,6,15,18,18,15,18,23,16,13,20,20,17,16,19,17,13,19,12,15,4,18,19,17,18,14,18,16,20,21,15,15,16,17,17,18,17,5,17,16,14,18,19,18,16,14,13,13,18,14,17,9,15,16,17,17,13,13,15,19,14,4,14,15,16,19,16,16,17,20,15,17,17,16,18,15,16,15,14,15,16,10,20,20,13,18,16,16,17,16,15,19,18,19,16,17,17,16,19,19,17,7,14,19,17,18,19,19,18,12,20,18,18,15,20,6,11,17,19,16,16,13,17,18,14,16,3,17,16,5,18,17,18,19,3,16,17,15,16,19,19,17,18,17,21,16,18,20,18		3	23	16.1	17	16	3.31	12,9,8,10,9,9,16,11,14,11,15,14,15,12,19,13,13,16,14,20,9,10,16,15,14,12,10,10,12,11,10,9,10,12,12,10,9,14,12,14,12,9,10,10,10,+1,12,10,10,11,12,16,11,8,10,6,13,10,8,10,8,10,12,17,9,9,11,11,10,11,12,8,17,12,4,10,9,8,15,17,10,14,10,9,11,13,12,13,11,15,9,5,10,12,15,22,9,13,13,15,17,17,9,15,13,9,14,11,13,11,12,17,14,12,13,4,16,11,17,9,14,13,9,10,17,11,9,11,10,13,14,11,12,16,8,17,11,10,17,11,10,15,11,13,14,9,10,10,10,12,11,11,10,7,11,7,14,9,12,10,11,12,9,16,12,14,17,15,11,6,16,15,7,13,13,15,12,11,12,11,3,11,11,5,13,11,13,14,3,26,12,14,13,9,9,13,10,14,10,12,12,12,12		3	26	11.8	11	10	3.15		6
7	186	20,21,20,20,20,20,19,16,15,19,16,20,7,3,18,20,17,20,23,20,23,8,22,20,17,18,19,19,20,20,19,22,21,20,19,18,20,20,21,21,20,20,20,21,3,20,23,20,19,20,17,20,20,20,20,20,20,20,17,22,11,20,20,19,18,21,20,18,19,19,20,20,21,21,21,20,22,19,21,19,20,19,17,13,20,22,21,19,18,20,19,23,25,23,16,20,20,24,23,20,19,19,4,4,22,20,15,21,20,17,16,24,23,23,20,19,20,13,20,21,20,23,21,19,21,19,23,19,18,20,19,19,20,20,23,20,20,20,18,18,20,20,16,20,21,20,21,25,19,15,19,20,19,22,20,21,19,20,20,18,21,20,24,20,16,20,16,20,20,19,19,19,22,21,20,22,20,20,21,18,21,21,20,21,21,21		3	25	19.3	20	20	3.33	18,17,19,17,16,18,18,15,13,16,16,20,7,3,17,14,15,19,18,17,23,8,20,18,13,17,15,10,17,18,18,19,15,20,19,17,17,17,21,18,17,17,16,20,3,14,16,20,15,17,17,20,16,19,20,18,19,17,15,19,9,20,18,18,18,16,18,18,19,17,20,20,14,15,21,15,12,19,13,10,16,10,17,12,16,13,16,17,13,16,15,21,23,21,12,14,13,20,22,17,18,18,4,4,18,16,13,20,18,17,15,19,23,22,17,16,15,10,19,13,20,17,16,19,20,15,18,18,16,15,17,15,19,18,16,14,14,15,14,14,19,18,15,15,18,19,14,18,16,12,16,19,19,20,19,18,16,17,16,18,18,17,20,14,15,16,16,14,17,18,18,13,19,15,14,18,19,18,18,18,19,19,19,19,20,20		3	23	16.6	17	18	3.36	12,13,9,12,14,10,9,7,15,13,9,9,7,3,10,16,11,10,19,12,9,3,10,9,14,10,18,19,13,13,10,12,15,9,7,10,12,13,9,13,12,12,20,11,3,20,17,8,19,11,8,8,20,10,8,12,10,13,17,12,11,9,10,9,8,13,11,8,7,13,7,7,21,15,8,15,18,7,16,19,12,17,7,9,12,17,13,11,18,14,14,12,12,12,16,15,16,14,11,12,9,9,4,4,13,14,12,9,20,9,9,14,10,11,12,13,14,13,10,18,8,23,15,10,14,14,15,11,12,16,12,12,9,20,17,17,16,15,18,18,10,10,10,14,12,10,17,17,13,15,13,10,8,10,10,13,13,13,14,9,12,15,14,16,9,15,9,17,13,11,11,19,12,15,15,15,11,13,13,8,12,12,11,11,10,11		3	23	12.3	12	12	3.68		7
8	168	20,23,20,22,22,21,22,15,23,21,22,21,23,24,17,21,15,21,17,23,23,23,19,22,21,22,22,21,21,10,21,21,21,18,19,21,17,22,19,21,21,21,22,20,20,23,22,20,18,17,20,21,20,16,23,16,22,22,18,20,16,22,21,22,21,18,21,21,20,24,21,8,16,20,18,21,21,21,22,24,21,21,20,21,25,22,22,24,24,20,22,21,21,20,19,22,20,20,19,20,21,21,21,22,23,21,22,22,22,22,21,21,22,21,20,18,22,20,21,22,19,17,18,20,22,18,21,22,21,21,20,18,23,21,21,20,24,20,23,22,20,22,20,21,21,23,19,21,21,21,20,22,20,26,22,4,20,20,21,20,20,21,18,22,20,22,21,21		4	26	20.5	21	21	2.58	19,19,15,22,19,16,19,10,21,18,22,20,16,22,14,18,15,19,17,15,20,21,17,19,15,22,16,18,19,10,20,16,19,14,17,18,15,18,19,13,18,17,16,20,16,16,19,18,12,17,18,21,19,12,19,13,21,20,16,20,16,20,20,19,21,16,18,21,20,21,20,8,15,18,12,16,20,14,19,20,12,12,18,17,25,19,16,22,22,20,16,17,20,19,16,22,14,20,15,15,15,21,18,15,18,21,22,20,21,18,21,18,20,18,20,13,18,19,21,20,19,17,16,18,22,17,21,18,18,21,15,16,18,18,18,20,21,16,16,20,20,20,15,18,21,17,18,20,21,21,18,19,15,22,22,4,19,18,17,16,14,21,18,20,19,20,20,16		4	25	17.9	18	18	2.98	10,13,20,10,12,15,12,15,11,13,8,9,17,12,12,13,10,11,8,15,11,11,12,13,18,4,15,12,10,5,7,15,11,15,11,13,11,14,9,17,13,13,16,5,14,17,17,10,18,8,11,8,10,15,21,16,10,11,11,4,8,11,7,12,8,10,12,8,9,12,10,8,10,10,18,15,10,21,12,14,17,17,11,14,0,12,17,12,12,8,16,13,10,10,12,7,15,6,14,15,16,9,12,17,15,8,8,11,10,14,9,19,11,12,7,18,22,11,9,11,7,7,12,12,9,10,9,13,11,10,14,10,14,12,11,6,21,14,17,11,10,11,15,13,9,17,9,9,7,7,8,13,15,14,8,4,11,11,14,12,16,10,10,12,10,12,10,21		0	22	11.8	11	10	3.70		8
9	155	25,23,23,24,24,23,23,25,19,24,26,23,21,19,25,23,23,24,22,19,24,21,22,23,25,23,21,4,16,23,24,24,21,23,24,23,23,23,23,19,22,21,12,21,23,23,19,20,22,23,23,20,22,22,18,25,21,23,22,20,23,22,19,22,24,23,21,25,23,25,25,23,24,25,23,22,22,22,25,23,20,6,19,23,23,21,23,22,17,25,23,23,24,20,26,23,21,22,24,25,22,23,25,20,22,24,23,22,23,24,23,24,25,24,23,22,23,27,17,22,3,23,23,23,19,23,22,21,18,21,23,16,24,23,21,22,22,23,21,24,24,23,23,26,24,21,21,20,21,22,21,22,23,24,25		3	27	22.0	23	23	3.27	25,19,23,21,24,19,19,18,19,17,17,16,19,19,20,20,21,21,19,18,21,21,19,22,18,20,21,4,12,19,21,20,21,21,22,21,19,23,21,13,16,21,12,21,20,18,14,15,22,19,23,17,22,19,17,14,21,14,22,10,18,12,19,17,14,17,17,22,20,25,23,22,18,25,20,13,19,21,21,16,15,6,17,18,18,20,22,20,17,24,22,23,24,19,24,20,19,20,22,21,20,15,25,20,19,24,20,20,17,21,19,23,20,21,16,22,18,21,15,15,3,20,18,16,17,21,18,21,13,20,23,14,16,18,20,18,20,19,21,23,17,19,22,25,23,20,20,20,21,21,19,20,20,18,20		3	25	19.1	20	20	3.58	9,13,9,12,8,15,15,17,7,17,18,17,11,9,14,13,11,12,12,9,13,6,12,10,17,12,9,4,16,12,11,13,6,8,11,10,13,8,11,19,14,7,7,8,13,15,15,20,8,13,4,11,4,12,10,19,7,17,9,20,13,18,7,13,18,14,14,13,12,9,12,10,16,9,13,18,12,11,19,16,15,6,11,14,14,9,9,12,8,10,9,8,8,9,12,13,11,12,11,14,11,17,9,9,12,9,12,8,16,12,13,16,15,12,17,7,14,15,11,15,3,11,14,17,10,20,13,2,16,7,4,14,21,17,11,13,11,13,9,11,24,13,10,10,10,10,10,9,9,10,11,11,11,15,11		2	24	11.9	12	11	3.82		9
10	136	25,24,24,27,29,27,25,22,22,23,21,18,23,18,21,17,24,26,23,25,22,24,25,24,14,25,23,20,23,24,22,22,27,15,25,24,19,25,27,25,24,23,24,26,25,24,25,22,20,18,26,26,18,27,24,24,25,24,21,25,19,24,24,24,25,24,22,24,23,18,24,21,23,22,24,24,26,18,24,25,25,29,30,25,25,28,30,24,24,23,25,24,24,24,24,24,25,24,23,22,24,21,23,21,(incorporeal) 13,29,26,23,24,29,19,23,23,25,22,27,23,23,24,24,12,22,24,23,24,22,24,19,25,25,22,22,22,22,23,23		12	30	23.4	24	24	2.85	22,18,15,26,28,26,24,18,21,23,14,15,17,18,18,13,24,21,14,17,18,20,19,21,9,24,19,19,23,21,20,19,27,10,20,24,18,23,22,26,23,20,23,24,25,24,22,18,20,18,16,16,17,24,18,23,19,20,16,22,15,20,23,23,24,22,17,22,22,17,24,21,21,18,22,21,22,15,24,24,25,24,29,15,15,24,23,18,19,18,19,23,20,20,18,19,19,20,21,19,22,19,21,18,11,28,20,24,22,28,16,21,20,24,22,22,21,20,24,24,6,15,24,18,21,22,20,19,24,24,21,21,21,21,21,20		6	29	20.4	21	24	3.76	11,24,19,10,10,10,10,14,9,7,21,12,23,6,12,15,8,14,23,18,13,14,15,12,14,7,13,9,3,13,10,11,8,15,15,8,9,11,16,9,9,13,10,11,9,7,9,12,4,8,18,18,10,15,15,10,21,14,14,12,19,16,10,10,11,10,15,10,7,10,8,8,10,14,10,13,14,14,6,10,7,16,12,25,25,13,18,15,15,17,19,10,14,14,20,14,16,14,8,13,11,10,11,11,13,10,16,7,11,9,12,11,12,10,8,15,11,13,8,8,12,22,8,15,11,4,14,9,10,10,10,10,10,10,11,13		3	25	12.3	11	10	4.21		10
11	114	28,28,27,28,28,29,19,24,25,23,25,25,26,24,23,26,5,17,25,26,24,25,26,25,25,25,19,25,23,25,24,28,23,26,21,24,25,25,23,27,24,25,27,17,24,25,26,24,25,25,27,25,23,6,24,25,25,25,25,25,25,23,17,26,29,25,20,26,34,25,25,30,32,25,27,25,24,25,29,28,27,23,23,23,24,25,7,22,25,27,26,24,24,26,25,27,21,25,24,26,26,26,28,27,25,25,27,21,25,26,24,23,23,21		5	34	24.4	25	25	3.96	27,27,27,27,28,29,14,18,21,20,23,24,20,16,22,26,5,17,18,24,21,25,25,24,22,25,15,21,20,22,18,16,23,16,10,18,14,25,17,16,17,19,25,16,23,21,26,24,24,24,20,24,23,6,23,20,25,20,23,24,25,23,16,26,28,18,17,19,27,21,23,29,31,19,22,21,19,23,24,26,24,15,18,23,24,18,7,22,22,27,23,20,21,24,17,27,21,21,22,26,23,23,26,23,20,21,20,21,25,25,24,22,22,19		5	31	21.5	22	23	4.51	10,10,9,9,8,9,15,16,13,11,11,10,16,24,9,8,5,5,18,10,14,10,11,9,11,9,19,6,9,12,16,20,7,18,21,14,19,7,14,19,15,16,11,7,7,13,8,8,10,3,17,11,11,4,10,15,9,15,10,9,7,9,10,6,10,17,12,17,25,12,11,10,10,15,14,13,15,11,14,11,12,18,14,9,8,21,7,8,11,9,11,12,11,10,18,7,6,13,8,8,11,11,11,13,15,10,17,7,9,10,8,10,10,11		3	25	11.6	11	10	4.15		11
12	96	29,27,29,28,27,29,24,26,25,27,25,26,11,28,27,26,27,27,27,26,28,26,25,27,27,24,25,31,27,25,15,27,27,27,21,26,27,26,26,19,26,26,29,25,26,27,26,26,25,26,27,23,27,26,31,31,27,26,29,35,27,24,28,28,27,27,27,27,20,26,27,29,27,25,26,28,25,27,28,27,23,27,26,26,26,26,28,27,28,27,27,20,26,27,25,25		11	35	26.2	27	27	2.90	28,27,28,28,21,28,16,25,21,26,24,26,8 ,24,25,16,27,24,23,25,22,17,24,27,24,16,23,31,22,23,13,16,16,22,21,25,24,26,26,19,24,25,29,25,22,22,25,25,24,22,23,21,26,25,30,30,23,23,29,29,26,16,22,20,24,24,24,24,15,26,20,24,26,18,20,18,23,24,24,20,23,23,25,26,23,24,28,27,25,26,24,18,26,26,25,25		8	31	23.3	24	24	3.94	10,8,10,8,18,9,24,9,13,7,9,1,11,14,11,20,8,12,13,10,14,19,10,9,11,18,10,14,14,4,12,19,19,15,11,9,11,8,8,6,11,9,7,6,13,15,10,10,9,14,14,14,10,10,10,10,14,13,8,21,10,24,14,18,12,12,12,12,20,4,16,15,10,17,16,18,8,12,21,16,12,13,11,6,9,14,18,5,12,9,19,12,14,10,8,8		1	24	12.1	11.5	10	4.39		12
13	75	30,28,28,29,28,29,28,29,30,30,27,30,25,26,27,29,2,28,25,24,21,26,24,28,25,28,28,28,24,28,28,26,22,28,27,32,28,29,28,23,24,28,23,32,30,17,28,29,25,21,33,31,29,28,28,24,28,26,29,28,27,27,27,28,28,24,26,27,27,28,27,20,28,19,26		2	33	26.6	28	28	4.05	27,28,28,29,28,29,27,28,19,27,26,28,23,14,27,24,2,28,23,24,21,16,24,20,25,19,27,27,23,28,26,23,19,28,23,27,24,20,28,15,24,16,23,31,30,17,25,22,23,17,33,31,23,20,22,22,27,24,27,26,26,18,24,24,26,22,23,23,22,24,20,17,28,19,26		2	33	23.7	24	28	4.77	11,8,8,7,7,8,9,9,19,11,10,12,10,26,4,15,2,5,10,9,10,26,8,17,7,17,9,9,9,8,16,12,12,8,13,14,10,18,8,23,4,28,8,10,8,7,13,21,11,21,8,8,15,22,16,8,10,11,9,11,10,17,5,14,10,10,13,14,14,12,15,5,9,9,8		2	28	11.6	10	8	5.25		13
14	69	30,29,29,29,30,35,31,29,29,26,30,30,29,13,24,25,31,29,29,29,28,29,28,9,31,27,29,29,16,29,31,31,30,29,33,29,32,30,29,29,25,28,32,32,33,30,28,24,32,31,30,27,27,27,30,29,36,34,29,18,29,27,23,31,28,30,29,27,13		9	36	28.2	29	29	4.70	30,29,29,29,29,35,21,25,29,25,30,27,25,13,23,21,24,29,26,29,24,18,28,9,24,24,26,29,9,20,31,31,22,28,21,29,21,22,28,25,19,28,32,32,33,22,22,23,27,30,27,20,23,24,24,26,36,34,28,14,26,27,18,28,19,26,23,27,13		9	36	25.0	26	29	5.51	8,8,8,8,9,7,19,14,7,1,8,17,10,5,18,21,17,6,16,7,13,29,0,9,17,12,11,7,15,17,8,8,18,9,20,7,19,16,13,12,19,8,8,8,7,18,16,9,14,7,12,17,13,13,15,11,8,8,9,12,9,7,17,11,19,25,15,8,2		0	29	11.9	11	8	5.47		14
15	111	29,28,30,30,28,37,39,37,27,27,31,28,28,40,30,30,30,31,32,30,30,30,29,27,24,28,30,27,31,30,29,30,21,30,28,32,29,30,29,33,32,29,27,31,32,30,31,26,30,29,30,31,34,29,30,33,32,32,30,30,32,37,26,30,31,33,30,33,28,30,30,24,28,29,25,30,30,30,29,27,30,29,32,35,31,31,31,28,28,29,28,28,33,32,30,32,25,31,37,37,30,31,30,28,30,35,35,30,31,32,29		21	40	30.2	30	30	2.95	25,24,30,30,27,37,39,37,18,18,26,22,22,32,23,30,30,24,25,25,27,24,23,24,15,17,23,23,27,30,28,29,19,25,26,32,25,26,22,28,27,26,24,29,23,30,28,26,30,26,24,27,33,22,26,33,32,23,23,23,31,36,17,30,24,33,30,33,25,17,17,20,20,22,24,22,30,24,26,27,30,25,27,22,20,27,27,21,22,25,26,24,29,23,29,32,22,26,26,26,25,18,22,24,30,35,35,28,25,27,29		15	39	26.0	26	30	4.66	10,10,8,8,9,8,8,8,27,27,11,16,16,25,16,6,2,16,20,15,13,16,16,11,24,28,15,13,15,0,10,10,11,30,10,7,17,13,17,14,14,9,11,10,18,7,11,6,6,11,17,13,7,18,13,8,8,19,16,16,9,10,26,4,15,8,5,8,12,21,21,14,14,17,11,14,6,20,13,11,10,13,20,23,19,23,23,16,16,13,10,13,13,25,10,7,5,14,35,35,20,23,20,6,6,8,8,10,12,14,7		0	35	13.8	13	10	6.63		15
16	56	31,28,38,38,37,37,37,39,31,29,33,15,31,36,29,34,30,29,30,30,32,30,31,33,31,31,31,35,34,32,22,29,33,33,32,38,31,31,31,30,32,6,30,31,30,31,22,36,33,30,29,31,26,41,39,33		6	41	31.3	31	31	5.50	30,26,38,38,37,37,37,39,28,21,27,10,26,30,24,28,25,28,28,24,27,30,26,28,26,24,21,27,34,31,22,29,30,33,24,33,29,31,31,30,28,6,18,26,27,28,22,36,33,26,26,28,26,41,39,33		6	41	28.4	28	26	6.38	7,10,8,8,7,6,5,7,9,17,15,15,18,24,14,14,14,7,10,12,24,6,15,13,11,15,19,17,2,7,6,13,24,8,16,14,10,5,5,0,13,6,20,11,13,9,7,8,5,14,9,11,7,7,7,6		0	24	10.9	10	7	5.33		16
17	47	33,28,23,39,36,39,37,46,27,32,33,31,33,32,32,34,32,32,29,32,32,33,28,32,32,31,34,32,32,36,39,36,32,32,32,27,30,31,31,32,31,34,34,32,32,40,40		23	46	32.9	32	32	3.87	30,28,22,39,36,39,37,36,27,32,26,31,33,27,26,22,32,32,29,26,28,33,27,27,27,25,28,32,28,34,38,35,32,32,24,21,30,25,26,31,26,34,34,23,26,40,40		21	40	30.1	30	32	4.98	9,6,3,8,5,8,5,20,-1,2,13,1,1,19,15,20,8,6,8,8,32,4,9,13,14,15,24,6,17,14,9,13,5,5,17,21,6,15,14,9,13,5,5,18,16,7,7		-1	32	10.6	9	5	6.70		17
18	43	35,34,37,37,36,37,38,37,38,34,35,35,32,32,32,27,34,31,42,40,31,32,37,36,33,32,33,33,35,31,25,32,34,25,33,33,33,35,35,35,32,41,38		25	42	34.1	34	35	3.51	28,28,37,37,36,37,38,36,38,32,35,28,31,30,24,24,29,26,42,40,26,32,27,29,33,30,31,33,29,30,23,25,30,22,33,33,21,35,33,35,29,41,38		21	42	31.5	31	33	5.19	15,14,5,5,4,4,5,6,6,4,0,13,3,10,16,11,15,13,5,5,15,6,16,15,6,10,21,5,19,7,8,17,10,9,8,8,25,0,14,5,11,7,4		0	25	9.4	8	5	5.60		18
19	27	33,39,38,38,38,39,29,35,34,40,34,41,41,34,34,36,30,34,34,33,34,31,34,35,35,39,39		29	41	35.6	35	34	3.18	33,39,,38,38,39,29,28,28,35,30,41,41,30,34,28,30,30,26,26,32,31,27,30,28,39,39		26	41	32.7	30.5	30	4.90	7,5,5,5,5,6,1,13,12,25,18,5,5,13,2,17,0,10,10,15,11,2,9,11,16,4,4		0	25	8.7	7	5	5.89		19
20	41	38,25,39,39,37,35,36,36,26,38,42,37,32,37,34,36,37,28,34,41,38,36,38,38,36,37,32,40,37,40,36,36,38,36,37,41,36,36,30,40,40		25	42	36.2	37	36	3.69	34,16,39,39,37,26,29,33,26,29,42,37,30,37,26,35,27,27,31,41,27,33,30,29,27,37,28,35,32,32,34,35,35,28,37,34,28,35,28,40,27		16	42	32.0	32	37	5.22	10,25,5,5,6,25,20,18,8,19,5,0,20,7,14,18,24,13,9,5,21,5,18,18,24,4,15,13,13,16,8,9,12,10,1,28,17,9,10,4,21		0	28	13.0	13	5	7.25		20
21	14	38,37,38,38,39,38,39,37,40,46,28,37,37,39		28	46	37.9	38	38	3.53	37,34,38,38,39,37,32,37,36,40,27,27,29,35		27	40	34.7	36.5	37	4.18	19,5,0,0,1,5,24,1,17,24,3,12,26,13		0	26	10.7	8.5	5	9.43		21
22	16	38,37,20,44,30,41,41,44,39,39,43,23,45,40,38,39		20	45	37.6	39	39	6.99	36,32,18,38,24,38,40,35,39,39,36,23,45,34,38,32		18	45	34.2	36	38	6.84	19,7,8,20,14,12,3,26,0,0,25,2,9,8,2,9		0	26	10.3	8.5	8	8.20		22
23	16	38,46,40,40,39,39,40,39,34,40,43,43,32,44,35,40		32	46	39.5	40	40	3.52	38,38,32,35,38,32,40,37,20,34,38,37,24,42,20,27		20	42	33.3	36	38	6.72	6,28,16,24,3,20,0,4,22,14,30,31,16,11,23,22		0	31	16.9	18	16	9.53		23
24	8	40,42,42,44,42,42,37,43		37	44	41.5	42	42	2.00	32,32,37,43,40,31,34,35		31	43	35.5	34.5	32	3.97	25,12,7,7,4,25,11,18		4	25	13.6	11.5	25	7.65		24
25	12	48,44,33,47,48,45,50,42,31,40,40,42		31	50	42.5	43	48	5.63	40,36,27,39,43,33,50,31,29,37,37,32		27	50	36.2	36.5	37	6.14	25,24,17,33,13,29,4,35,4,5,5,22		4	35	18.0	19.5	4	11.15		25
26	5	44,45,44,46,46		44	46	45.0	45	44	0.89	39,36,38,39,38		36	39	38.0	38	39	1.10	7,40,30,30,27		7	40	26.8	30	30	10.83		26
27	8	45,45,45,50,46,48,50,45		45	50	46.8	45.5	45	2.11	38,45,37,42,39,36,44,39		36	45	40.0	39	39	3.08	9,34,27,35,33,32,24,30		9	35	28.0	31	-	7.97		27
28	6	46,46,47,49,49,44		44	49	46.8	46.5	46	1.77	39,32,42,39,36,34		32	42	37.0	37.5	39	3.37	31,38,7,37,43,19		7	43	29.2	34	-	12.44		28
29	5	47,49,46,48,53		46	53	48.6	48	-	2.42	37,45,41,31,45		31	45	39.8	41	45	5.31	32,29,29,37,26		26	37	30.6	29	29	3.72		29
30	8	48,49,48,48,45,45,52,52		45	52	48.4	48	48	2.50	35,44,35,39,38,38,38,48		35	48	39.4	38	38	4.18	22,29,41,38,13,13,20,19		13	41	24.4	21	13	9.97		30
																											
				Attack Bonus (of 1st melee attack)								CMD								CMB							
CR				Min	Max	Mean	Median	Mode	Std Dev			Min	Max	Mean	Median	Mode	Std Dev			Min	Max	Mean	Median	Mode	Std Dev		CR
1		1,2,5,0,0,0,3,8,6,3,3,4,4,4,4,5,6,6,4,1,0,2,5,6,1,7,2,3,3,3,3,5,4,4,2,5,3,4,4,0,6,3,5,5,3,3,3,13,3,5,4,4,2,2,4,2,4,3,3,2,4,3,2,2,2,4,2,5,3,2,4,5,0,0,4,3,5,5,5,4,4,3,0,0,5,3,3,3,3,6,2,2,3,3,1,3,2,2,2,4,5,4,1,0,6,6,4,4,3,1,2,5,1,5,5,6,3,5,4,5,2,4,6,4,5,3,3,1,2,3,2,3,4,3,2,1,0,2,6,6,4,5,4,5,3,5,3,5,2,0,5,4,2,3,4,3,4,2,3,5,4,3,2,0,0,3,4,5,2,6,2,3,6		0	13	3.4	3	3	1.84	11,14,18,11,3 ,-,6 ,8,9,11,12,13,13,13,5 ,14,11,10,19,9 ,4 ,12,11,12,11,11,39,19,39,50,16,36,37,28,29,14,16,16,15,12,14,12,13,13,12,13,7,15,14,17,13,14,14,10,15,15,16,14,14,14,14,13,15,10,10,12,16,17,13,14,14,12,9,10,15,16,13,13,14,15,11,11,17,17,13,9 ,15,45,15,9,11,14,14,10,13,14,12,12,10,17,14,15,8 ,6 ,10,10,10,15,15,10,11,11,11,14,14,15,14,15,16,12,12,6,10,14,13,15,14,9,11,15,10,15,11,12,14,13,8 ,10,15,13,13,16,11,13,10,12,13,13,11,-,13,16,15,13,15,15,34,22,12,13,12,13,11,7,-,13,33,12,14,11,4,15,10		3	50	14.0	13	14	6.60	1,2,7,-2,-4,-,1 ,0,2,0,1,1,2,2,-6,5,2,2,6,-3,-1,2,-2,-1,1,3,32,7,27,38,5,26,25,17,17,2,3,3,4,0,1,1,0,0,2,3 ,-1,3 ,2,5,1,1,2,0,3,2,4,3 ,3 ,2,2,1,2,0 ,0 ,4,4,3 ,3,2,2,0,-3,2,4,2,1 ,1,4,6,0,2,5,6,0,3,3,34,3,2,0 ,2,2,-2 ,1 ,1,2,2,-1 ,6,1 ,3,-3,-6,2,2,-2,4,3,-1,2,-2,1,1 ,4,5,1,5,4,-1,2,0,2,4,1,3,3,-3,0 ,3,2,4,2,1,2,1,1,0,2,4,1,2,2,1,1,3,1,3,0,-,-2,4 ,2,3,4,1,20,10,1,0,1 ,1,0,-1,-,1,23,0,2,2,-2,4,2		-6	38	3.1	2	2	6.34		1
2		7,0,4,4,7,5,4,4,5,4,5,0,8,5,5,4,6,4,4,5,4,3,5,5,5,3,4,6,2,5,6,0,4,5,5,5,6,7,5,6,6,2,6,0,6,7,5,7,6,5,0,5,2,2,6,5,5,6,6,6,6,8,4,4,3,5,7,5,9,5,4,7,6,3,7,6,4,3,3,4,8,6,4,8,0,5,6,4,9,4,3,3,2,5,3,3,5,4,7,3,4,0,4,4,6,2,2,6,3,6,3,5,5,6,3,0,5,4,4,5,4,4,6,8,2,3,3,6,6,4,6,5,5,4,4,0,6,0,4,0,5,4,2,4,4,4,6,4,9,7,5,5,4,5,5,0,4,3,4,5,4,5,5,5,8,3,8,6,7,7,5,4,3,2,4,10,0,5,4,0,0,0,7,2,7,8,0,3,6,6,6,4,7,5,6,4,6,8,0,7,3,10,6,4,5,1,4,6,8,4,6,6,3,3,7,7,5,4,4,6,4,6,6,5,3,0,5,3,5,9,6,6,6,5,4,3,6,5,4,4,7,4,3,7,5,5,7,5,3,7,5,4,5,5,6,8,6,5,4,5,6,8,3,4,5,6,2,4,7,3,5,5,5,5,6,8		0	10	4.7	5	5	2.01	13,11,14,13,19,20,19,14,16,16,17,-,14,16,13,16,14,14,17,13,15,6,17,14,16,15,12,12,13,17,16,7 ,13,16,16,18,14,12,14,19,18,17,16,8,17,15,15,13,20,16,-,18,14,14,18,17,18,13,18,14,31,47,17,32,27,26,20,12,33,40,-,39,17,13,18,14,9 ,10,10,14,14,17,15,12,-,17,18,16,7,15,14,14,12,11,12,14,18,16,18,13,17,14,15,19,12,13,13,16,17,21,16,18,18,18,17,-,15,12,19,15,15,15,19,15,15,13,13,20,14,13,13,16,16,15,16,6,19,12,13,-,16,14,12,17,19,15,19,14,21,16,15,16,17,16,17,-,15,14,16,19,14,18,16,19,13,15,15,14,18,14,15,16,13,14,13,8,-,20,14,-,14,15,13,10,12,12,-,12,16,7 ,21,18,20,16,18,15,19,20,-,16,15,15,17,16,18,12,11,14,15,14,14,8 ,11,15,16,17,16,15,15,12,16,15,15,13,14,-,7 ,11,19,13,11,17,18,18,14,18,39,24,41,23,32,35,24,14,16,20,32,15,18,-,15,15,13,15,15,12,14,17,18,15,17,19,15,17,16,18,12,16,19,15,14,14,17,17,20,18		6	47	16.2	15	15	5.32	3,1,2,4,9,7,6,3,3,4,5,-,4,3,2,4,4 ,4,4,4,2,0,5,0,5,3,0 ,1,2,5,5,-3,4,5 ,5 ,5,4,3,3,5,8,4,4 ,-5,4 ,3,4,2,6,5,-,5 ,2,2,5 ,7 ,7 ,2,5,1,15,33,5,14,14,15,8,-1,20,22,-,21,4,1,4,2,-2,0 ,0 ,4,4,5,4 ,4,-,5 ,4,4,1,3,2,3,0,3,1,1,4,6,6,3 ,6,9,4 ,6,-1,2 ,2 ,5,5,8,3,6,7 ,5,5,-,4,3,6,2,3,3,5,1,3 ,1,1,6 ,1,2,-2,5 ,3 ,4,2,-4,5 ,-1,2,-,5,2 ,5,4,6,4,8,4,5,7,5,5,4,5,5 ,-,4 ,3 ,4,5,4 ,7,3,6,4,1 ,4,3,7,3,5,4,1,2 ,2 ,2,-,7,4 ,-,3,2,3,3,0,4,-,3,6,2,7,6,6,5,5,4,8,8,-,2,3,6,6 ,4,7,0,2,3,7,2,4 ,2,3,3,5,4,3,4,6,0,4,1,1,2,2,-,1,3,5,5,-2,6,6,6,2 ,6,23,12,30,13,19,17,12,4,5,9,19,3,6,-,6,4,2,3,2,4,1 ,5,6 ,2,6,8,2,3,5,6,2,4,7,3,4,4,5,5,8,7		-5	33	4.6	4	4	4.46		2
3		7,5,3,8,6,6,4,5,5,7,7,7,5,7,6,6,0,7,8,7,9,7,5,6,8,6,5,8,5,8,6,6,0,8,9,9,4,5,6,7,6,5,8,6,6,0,5,5,8,6,6,7,7,8,7,7,7,4,8,5,4,7,5,6,7,5,6,4,4,7,7,6,6,4,6,8,7,6,8,5,2,6,6,6,6,6,5,5,8,6,7,6,6,6,5,8,6,5,6,7,5,6,5,8,6,7,7,4,7,6,10,9,6,6,7,5,2,5,7,7,8,5,6,4,6,6,7,4,7,7,5,6,5,7,6,8,6,7,8,3,11,9,6,4,6,7,6,3,7,9,7,0,8,7,6,9,9,7,8,7,8,6,7,5,7,6,5,0,6,8,5,6,6,0,5,7,0,9,7,7,7,5,6,3,0,7,12,9,7,8,7,5,6,6,0,7,5,8,10,10,0,5,6,7,6,6,7,0,7,4,6,6,4,5,6,4,6,6,9,5,3,6,6,8,9,3,6,7,6,5,9,5,6,8,7,3,7,6,8,7,4,8,5,6,6,8,6,3,8,8,7,6,7,6,0,6,4,8,6,0,6,6,5,7,7,9,9,8,9,6,4,6,1,6,6,7,6,6		0	12	6.0	6	6	2.03	19,17,13,20,16,19,11,15,17,18,19,20,17,14,18,19,17,18,20,17,20,19,16,14,16,15,19,17,15,15,14,14,9 ,16,21,16,15,18,19,17,86,64,18,20,16,21,36,28,16,19,26,14,31,20,21,21,21,16,13,21,33,11,19,18,20,18,16,19,18,15,17,19,19,15,22,13,16,19,18,16,9 ,16,21,20,18,20,19,19,22,15,22,19,20,18,18,19,15,15,18,21,20,19,16,22,22,18,19,16,19,13,11,18,18,22,42,16,14,16,21,18,22,14,14,23,16,19,20,11,20,21,18,19,14,21,16,19,19,17,22,16,22,22,17,14,16,18,16,17,22,19,15,40,25,20,17,22,18,19,22,17,21,15,17,19,18,15,15,12,20,23,17,19,20,-,21,20,13,18,19,22,16,26,20,14,12,18,24,17,16,21,21,15,17,15,-,16,21,14,18,18,-,17,17,20,16,17,17,-,16,13,13,16,17,17,16,17,19,15,15,9 ,14,19,16,21,20,17,18,19,18,15,18,18,18,9,18,15,20,20,20,43,21,35,16,14,18,18,92,12,22,18,17,16,-,16,-,15,13,19,17,-,15,16,17,17,18,17,18,19,19,15,15,20,20,15,15,19,22,15		9	92	18.8	18	19	7.94	7 ,3,1,7,5,7 ,-1,5,7 ,7,9 ,9,4,2,6 ,8 ,8,6,8,7,7,6,4,4 ,7,6,7,7,5,1,4,2 ,4,8,8,2,4 ,5,6,5,50,42,8,6,5 ,10,25,16,3,7,14,1,19,8,8,8,10,2 ,4,9,17,2,5,6,7,5,6 ,6 ,4,4,8,7,6 ,4,8 ,4,5,4,7,5,4,3,8 ,8,8,8,7 ,7 ,10,4,9,8 ,8 ,6,7 ,7,4 ,5 ,8 ,9,7,8,5,12,10,8,5 ,4,9,5,5,5 ,4 ,8,25,5 ,2 ,5,9,6,10,7 ,3,9,6 ,5,7 ,4 ,8,9,5,6,3,9,5,7,6,5 ,10,5,13,9,6,4,6,4,6,3,9 ,8 ,5,23,11,9 ,6,6,9,5,6,7,6,6,7,5,7,4,3,-2,8,8,7 ,8,8,-,7,6 ,8,7,7,9,5,16,7,0,1,9,6,6,5,8 ,9,5,6,1,-,6,7,1,0,0,-,5,5,7,3,6,6,-,7,2,0,6 ,4,5,4,4,5,5 ,5,1,5 ,5 ,3,7,5,3,6 ,5,6 ,1,3,6,8,-2,8 ,5,7,8,9,33,6,21,2,1,4,9 ,65,3,9,7,2 ,4 ,-,4,-,6 ,4,9,5,-,6,4,4,6,7 ,6,7,8,8,2,4,8 ,8,5,5,7,7,6 		-2	65	6.9	6	5	6.25		3
4		7,7,10,8,8,7,0,7,7,8,8,8,8,0,3,9,8,10,5,7,4,10,7,8,6,9,7,7,0,0,8,5,6,7,7,8,6,11,10,0,9,11,7,6,0,0,0,9,6,0,6,0,6,7,0,6,7,10,7,8,6,4,7,7,6,8,5,8,6,9,7,10,10,8,3,7,8,8,6,4,5,7,5,8,7,9,10,9,11,7,7,7,8,8,7,9,7,6,7,7,7,6,6,9,6,6,8,6,7,11,9,10,8,0,5,7,8,7,11,6,7,8,5,0,8,7,7,0,8,6,5,8,5,8,8,10,5,9,0,7,0,5,6,6,9,6,6,7,9,8,12,8,3,9,9,7,7,11,4,10,0,6,6,10,9,9,10,9,5,7,10,8,7,8,8,8,8,6,9,10,0,0,0,8,3,11,8,9,9,9,6,7,8,8,10,6,0,11,8,8,6,8,11,9,0,8,5,8,9,6,8,7,6,0,8,7,10,6,11,6,7,6,5,7,7,10,9,10,9,7,7,0,5,7,4,8,9,0,8,8,5,9,8,10,10,0,9,9,10,5,8,9,5,8,7,7,7,9,7,9,8,4		0	12	6.8	7	7	2.80	18,17,22,19,17,17,17,35,17,29,21,21,18,16,14,17,17,22,16,21,15,22,15,20,17,24,19,17,-,-,20,15,19,19,18,23,22,22,23,-,18,26,16,19,19,23,-,19,19,21,14,-,11,32,20,35,50,17,33,14,31,5,9 ,20,15,38,17,28,12,21,17,21,21,20,14,17,22,17,13,15,15,21,18,20,19,20,26,21,26,19,19,21,20,20,20,22,20,21,19,17,21,17,11,24,17,18,21,17,20,18,25,15,23,21,18,20,18,21,24,21,17,20,10,22,17,22,22,-,19,18,17,18,17,20,19,22,18,21,-,18,23,12,13,11,22,18,14,19,20,12,23,21,17,16,21,21,21,23,12,20,21,16,16,17,18,18,23,22,20,20,25,19,19,21,21,22,24,19,21,22,10,11,10,15,14,22,20,21,24,18,18,18,18,18,20,23,9,23,21,21,15,23,19,23,-,23,22,19,24,15,20,14,18,-,16,19,19,18,17,17,37,16,42,15,15,3,33,16,20,11,20,17,17,21,16,21,21,-,18,18,15,20,18,20,21,-,17,19,22,17,23,22,17,22,16,17,20,22,20,18,21,17		3	50	19.4	19	17	5.13	6,7,10,7,6,6,6,21,4,18,9,9,5,4,3,2,5,10,5,10,3,12,5,10,6 ,11,6,5,-,-,7,5,6,5,7,7 ,5,10,11,-,8,13,7,6,7,3,-,6,8 ,7,2,-,6 ,22,6,22,38,5,20,3,18,-5,1,8,5,28,7 ,15,2,9,5,10,9 ,7 ,2,8,10,4,8,4,5,8 ,5,8,7,9,12,9 ,11,5,9,7 ,10,10,9,10,9,8,6,5,9,5,6 ,12,4,6,9,6,9 ,4,11,2,9,8,3,10,8,7,12,10,6,6,3,9,8,9,9,-,7,5 ,5 ,6 ,5,6,6,9,5,11,-,9 ,11,-1,0,6,4,6,8 ,6,9,0,10,8,5,3 ,5,9,9,11,6 ,9,11,6 ,6,3,7,9,11,9 ,5,8 ,11,8 ,9 ,10,10,10,12,8 ,8,10,0,1,-3,-1,2 ,10,10,9,11,5 ,6,9,8,8,8,6,4,12,10,8,6,10,4,9,-,7,11,6,9,2,10,4,6,-,10,7,10,6,7,4,25,5 ,27,6,4,-2,23,4 ,5,2,7,6,3,9,4,10,7,-,6,6,5,8,5,7,6,-,8,7,10,4,10,9,7,9,6,5,9,11,9 ,5,10,4		-5	38	7.6	7	6	4.69		4
5		12,10,10,0,10,0,10,10,0,8,8,7,10,10,11,10,0,10,7,7,4,8,10,9,7,11,9,11,11,8,6,11,11,11,8,10,8,7,11,8,10,10,7,11,9,6,11,8,11,10,8,10,12,10,12,9,12,0,7,10,9,3,7,12,10,10,7,9,12,10,10,0,5,8,9,9,5,10,10,10,10,8,10,9,9,11,12,9,8,9,11,11,9,8,10,7,9,9,7,8,8,0,9,13,8,9,11,9,7,11,8,10,11,14,13,9,9,11,11,6,10,9,9,0,0,14,14,12,13,12,13,11,12,13,11,12,10,9,9,8,10,9,10,0,0,9,14,7,8,8,9,10,8,4,9,9,10,5,8,13,10,13,11,2,6,10,0,9,8,8,8,11,0,8,9,10,10,10,8,11,8,10,3,10,9,10,11,10,9,7,10,9,7,0,8,11,10,10,14,12,9,10,5,8,8,10,10,8,6,9,9,0,0,0,10,10,9,6,9,8,0,0,9		0	14	8.5	9	10	3.26	22,24,17,21,22,19,22,24,-,21,21,10,18,19,22,19,22,24,20,19,18,23,21,19,21,25,20,21,22,23,19,23,23,22,18,24,23,21,25,18,18,23,18,20,22,19,22,52,17,14,23,29,14,51,13,39,20,12,27,18,12,16,19,24,23,24,20,20,25,21,23,-,17,20,21,21,14,21,22,22,22,16,22,21,23,23,25,22,20,22,24,24,25,20,24,16,20,16,25,22,21,21,15,24,24,20,20,22,18,25,19,22,29,27,25,18,20,21,22,11,25,20,23,-,19,31,25,27,31,25,29,22,25,28,23,27,23,19,18,20,24,21,24,22,26,24,23,23,20,22,22,21,19,17,23,20,22,12,24,24,24,28,25,19,21,25,19,24,20,20,19,21,21,22,19,24,24,24,22,23,22,23,14,22,19,21,22,26,20,19,22,24,19,-,24,23,9 ,41,57,2 ,34,17,32,19,20,23,22,19,18,19,19,12,-,24,26,23,27,21,18,18,22,24,20		2	57	21.9	22	22	5.70	13,12,7,9,11,9,10,13,-,10,10,3,7,10,10,5,7,10,9,8 ,4 ,10,11,4,7,13,10,8,13,9,6,11,9 ,8,6,12,10,5,12,7,8,10,6,11,9,4,13,34,5,1,12,17,1,26,1,22,8,-1,12,4,2,5,7 ,14,11,10,6,9,13,9,12,-,7 ,8,9,9,6,11,6,10,12,4,11,10,11,10,13,11,10,11,12,12,13,10,12,3 ,6 ,11,7,10,8,9,9,13,7,5,11,10,7,13,9,10,15,18,13,9,11,10,10,6,14,7,3,-,6,13,16,11,12,14,12,13,14,12,13,14,12,9,4,8,12,9,14,9,9,11,13,7,8,10,11,9,7,4,11,6,11,7 ,12,14,12,16,12,7,6 ,12,7,11,6,6,8 ,6,9 ,10,9 ,10,10,10,12,12,10,10,2,10,8,9,8,12,8,9,10,11,7,-,12,12,4 ,30,49,-3,21,5,21,8,8,10,12,8,6,7,7,4,-,9,12,12,12,6,6,6,8,9,9		-3	49	9.8	10	10	5.05		5
6		12,14,14,13,11,7,10,13,8,12,7,12,9,12,0,16,6,8,10,0,9,10,10,4,0,11,12,11,12,10,11,12,11,13,11,11,12,10,0,0,14,12,11,13,13,13,7,11,10,15,12,8,17,12,16,12,7,10,12,7,12,12,13,10,13,12,17,12,11,11,12,13,10,10,5,13,12,13,12,0,11,11,11,12,11,12,10,12,11,12,11,0,13,14,0,9,13,11,0,10,15,15,9,12,0,10,7,9,11,10,13,16,0,10,9,7,10,7,14,12,13,13,8,13,9,11,12,9,11,13,10,12,6,0,13,12,0,0,10,9,12,10,9,14,10,11,11,12,11,11,11,11,11,10,12,12,11,11,11,13,12,10,10,0,7,8,7,11,0,7,12,8,11,10,12,0,12,13,11,11,3,12,11,9,10,10,7,11,7,16,11,10,12,13,14,11,10,13,10,14,10,11,11		0	17	10.1	11	11	3.74	27,23,27,26,23,23,22,26,22,23,22,26,26,34,-,31,21,23,24,-,20,19,32,-,26,22,25,27,24,23,23,23,20,27,23,24,24,21,19,31,29,24,21,26,25,20,30,23,40,18,34,81,35,42,26,23,28,25,23,17,22,24,25,17,25,24,30,29,21,24,27,27,11,25,12,25,21,24,25,-,24,20,24,24,9,28,25,25,25,26,26,12,28,25,-,28,25,23,28,22,29,29,21,26,23,22,24,20,24,21,27,28,-,22,19,14,19,24,26,23,24,25,20,23,15,25,23,23,24,26,25,25,17,23,27,29,21,22,24,23,24,9,23,26,19,22,24,25,27,23,22,27,24,23,26,22,25,22,26,25,21,22,18,-,19,20,-,22,18,18,38,24,24,33,46,14,13,29,25,21,12,26,22,14,20,21,20,20,16,35,23,24,25,22,26,21,23,26,20,25,22,23,23		9	81	24.0	24	23	6.46	14,14,17,15,13,13,10,14,8 ,12,7,11,9,17,-,17,8,7,10,-,10,9,9,-,12,10,14,15,12,11,12,13,10,14,11,13,14,8,6,17,16,14,11,15,14,8,17,12,27,7 ,20,43,21,33,12,15,14,13,14,7 ,13,13,13,1,15,14,18,16,11,12,14,17,-1 ,12,7,14,12,15,10,-,13,10,13,14,-3,14,12,12,13,11,15,5,16,13,-,8 ,15,10,14,7,11,11,11,11,10,12,9,9 ,11,10,14,11,-,10,7,9,7,8 ,9 ,13,13,12,10,13,4,13,13,11,13,13,10,13,5,7,17,12,10,10,10,11,12,-5,11,13,6,12,13,14,15,11,11,14,13,14,14,14,10,12,13,14,10,10,9,-,7,6,-,10,7,4,24,15,12,18,36,2,3,16,12,10,7,14,11,9 ,8,10,7,7,11,26,11,11,12,13,16,9,12,12,10,13,10,11,11		-5	43	11.9	12	13	5.17		6
7		15,12,10,11,15,12,14,13,0,12,7,14,13,8,12,6,9,14,13,13,15,9,13,14,0,12,13,15,13,13,12,14,10,15,13,13,15,13,14,14,13,0,0,0,8,12,16,14,9,13,16,13,9,13,13,13,13,9,6,17,9,12,14,15,16,14,14,14,17,13,11,13,0,13,14,15,17,17,15,16,15,16,14,7,15,16,15,10,13,12,12,14,14,15,10,14,13,16,0,0,15,15,14,9,11,11,10,14,10,9,18,0,15,11,14,14,14,2,12,14,16,10,6,14,15,0,14,12,0,14,13,13,13,0,0,11,14,14,11,11,13,13,13,11,12,15,18,16,15,10,14,13,14,16,13,13,11,11,13,13,10,13,0,13,14,15,12,9,0,12,11,15,13,15,10,11,0,12,13,12,13,12,15,12,14,14		0	18	11.7	13	13	4.29	26,28,24,26,28,17,11,32,20,24,18,26,23,17,25,22,23,26,22,28,27,18,28,29,27,25,30,-,25,23,25,28,26,27,24,20,23,11,30,29,26,-,29,17,21,17,13,25,28,30,30,24,26,26,24,26,26,22,22,31,23,24,29,30,27,33,28,25,30,28,24,25,-,31,24,28,38,30,34,38,33,36,27,22,33,36,34,27,27,25,26,25,26,26,26,31,29,30,22,26,31,30,21,16,27,18,20,28,18,20,25,28,24,22,28,27,31,15,25,29,29,27,26,31,31,21,27,22,21,25,25,31,28,-,30,21,28,28,25,29,26,29,36,27,27,29,29,28,27,21,27,26,28,31,26,26,24,22,27,59,26,21,24,21,28,27,24,23,26,22,22,26,27,31,28,22,24,22,26,26,24,24,26,25,27,24		11	59	26.0	26	26	5.08	14,14,13,13,14,7,-2,21,7,11,8,16,15,12,14,6,11,16,9,15,17,13,16,18,13,14,12,-,12,11,14,15,10,17,12,10,9,1,18,16,16,-,19,12,8,7,3,16,9,17,20,15,9 ,15,15,13,15,9 ,5,18,11,14,17,19,18,18,16,16,21,11,15,16,-,15,15,13,18,21,16,17,19,17,18,11,19,17,19,15,13,11,11,13,14,14,10,15,12,16,11,13,19,19,16,11,13,4 ,8,17,6,10,16,14,14,11,15,14,16,2,14,11,19,9,6,18,16,7,12,11,9,10,13,17,17,-,13,5,12,13,11,11,15,17,19,12,14,16,12,11,14,6,14,15,18,19,15,13,11,11,13,36,13,7,8,10,17,13,14,7,13,11,11,13,14,15,12,8,13,10,13,16,12,12,15,15,16,13		-2	36	13.3	13.5	13	4.32		7
8		13,16,16,16,15,0,11,15,16,0,16,15,18,16,14,9,11,14,15,12,16,18,10,0,17,17,8,16,13,13,18,14,15,0,12,14,18,10,17,15,16,15,15,16,10,0,10,15,11,17,13,15,16,9,8,9,17,16,13,15,15,14,15,15,16,16,17,17,14,10,14,14,0,14,11,14,17,0,17,10,17,17,13,16,15,14,13,16,15,13,16,0,14,14,15,16,15,13,12,13,14,14,16,14,15,15,13,15,11,15,14,13,0,14,15,17,0,0,16,17,14,16,15,5,16,13,13,17,15,0,14,14,13,16,17,2,0,13,16,16,16,14,0,14,11,16,17,17,17,17,15,10,13,14,17,10,14,13,16,9,16,12,11,13,13,17,13,10		0	18	13.0	14	16	4.63	26,31,32,25,30,30,25,27,30,26,30,29,33,27,28,21,21,28,29,23,32,32,21,22,33,32,15,20,12,29,26,36,32,92,71,33,22,28,13,17,17,31,30,32,22,31,28,31,24,30,27,26,28,21,27,25,30,30,27,25,29,28,34,29,27,31,31,31,26,24,27,28,22,29,24,29,30,-,31,24,35,35,24,30,39,27,22,27,27,27,32,32,27,26,29,29,30,25,25,28,27,26,31,26,30,29,24,29,24,29,17,35,31,29,25,24,-,11,24,30,27,28,26,19,27,26,24,33,32,27,30,29,30,31,34,25,-,27,33,30,25,28,22,14,17,42,32,29,67,14,35,23,27,27,30,17,25,27,30,30,31,22,21,25,26,26,26,27		11	92	28.0	28	27	8.37	15,17,16,15,17,15,12,12,18,13,20,18,18,15,15,8,11,16,19,12,19,20,9 ,9,15,24,1,5,4,17,17,20,18,54,47,24,9 ,13,1,3,4,17,15,23,8 ,14,11,19,11,20,15,17,17,6,8,9,19,18,15,19,19,16,23,16,18,19,18,21,16,11,16,18,11,18,11,14,19,-,18,10,16,16,12,16,31,14,6,15,15,17,16,18,16,15,16,20,14,17,11,13,11,16,18,9,15,19,15,17,13,15,6,15,19,16,17,9,-,2,15,18,18,19,14,7,17,15,14,19,19,17,15,17,15,18,21,17,-,13,18,18,15,16,11,1,5,26,21,20,43,3,23,10,12,13,20,12,14,15,16,16,15,12,11,13,15,14,15,10		1	54	15.4	15	15	6.63		8
9		17,19,20,16,16,18,18,16,14,14,11,9,14,14,14,13,14,0,18,16,15,16,17,17,18,17,18,11,13,16,15,16,18,17,16,17,16,18,16,13,17,20,13,18,14,19,16,14,15,15,16,14,17,15,14,21,21,19,18,20,20,20,18,20,20,20,15,10,8,19,16,16,0,16,16,19,17,20,5,16,15,5,15,17,17,21,17,14,16,19,11,16,16,8,15,10,21,16,20,13,13,11,17,19,16,16,18,18,19,16,17,17,0,20,15,15,10,12,17,14,11,20,15,18,19,0,18,15,12,20,12,0,19,8,15,15,13,18,15,0,13,14,15,16,17,15,14,13,14,14,16,15,17,17,17		0	21	15.2	16	16	4.28	29,22,32,31,30,30,30,29,27,31,32,26,27,25,31,26,28,26,32,30,28,28,31,30,35,30,30,17,14,30,30,23,20,30,57,32,32,12,28,13,37,31,23,29,27,33,29,29,25,30,31,31,27,29,26,43,34,41,29,43,39,41,31,39,42,40,28,23,28,31,28,29,29,28,29,34,32,31,24,35,30,23,29,34,34,35,32,25,30,32,24,26,25,23,27,22,35,28,33,27,26,30,29,31,31,27,32,37,35,30,33,26,28,35,32,28,27,30,31,35,18,37,31,23,12,13,16,54,6 ,39,17,-,39,24,26,30,27,34,28,26,31,30,28,29,29,27,27,26,26,27,30,28,34,34,40		6	57	29.4	29.5	30	6.66	19,12,22,18,20,16,16,12,18,14,13,9,15,15,16,13,16,13,19,19,15,20,18,19,18,17,20,12,0,12,15,8,6,17,38,18,22,0,15,2,21,24,15,20,14,18,14,14,16,16,23,18,21,16,15,22,25,22,19,21,24,21,22,24,22,24,14,10,15,21,16,18,13,18,16,15,19,20,5,18,15,13,17,19,19,24,21,13,20,21,13,17,16,12,15,9,23,16,21,13,14,12,19,21,18,17,19,25,19,17,19,15,13,22,15,19,12,14,19,18,13,24,16,10,0,3,4,26,-1 ,28,12,-,18,7,15,16,15,20,18,15,13,16,17,18,18,16,16,14,16,16,18,16,21,18,25		-1	38	16.5	16.5	16	5.47		9
10		21,0,0,19,19,20,21,17,19,17,19,20,13,22,12,10,19,18,15,20,16,17,18,17,0,20,19,14,25,0,18,20,17,0,18,21,22,17,16,21,20,17,19,21,17,16,19,15,16,29,21,21,20,16,13,17,11,0,20,19,12,17,18,17,16,17,17,18,19,20,20,19,15,14,20,0,0,0,14,18,19,0,20,10,15,18,14,17,15,0,0,18,18,18,0,19,0,0,23,18,21,16,20,17,10,0,18,15,17,20,11,20,13,16,16,19,17,19,19,21,7,17,21,13,19,21,11,19,18,17,17,17,16,15,15,0		0	29	15.3	17	17	6.51	37,-,35,31,32,32,34,31,34,30,34,34,22,40,24,17,30,36,36,34,32,26,38,32,15,21,22,23,49,30,33,37,28,-,32,31,37,31,35,36,35,30,26,34,29,26,39,32,32,40,40,40,33,34,31,30,9 ,35,37,34,31,39,30,30,27,33,30,34,37,33,31,32,27,27,36,29,26,25,24,31,32,31,32,37,37,34,28,35,28,-,33,31,32,32,33,34,29,27,38,30,38,47,34,34,24,26,34,27,30,35,28,33,28,29,17,15,40,22,-,70,24,32,35,28,36,37,25,30,30,30,29,30,28,28,29,32		9	70	31.5	32	32	6.64	24,-,15,20,21,21,23,17,23,21,19,21,9,30,11,14,21,21,19,16,18,16,23,19,2,9,9,14,34,17,21,24,19,-,17,22,26,19,18,25,24,17,15,22,19,18,26,18,24,31,20,20,22,18,15,19,4,21,22,21,12,21,19,19,16,21,15,22,26,22,22,22,19,15,24,16,12,11,18,20,21,15,20,15,15,20,9,19,13,-,14,20,18,18,13,20,13,13,30,17,22,25,22,21,11,15,18,18,19,24,12,21,15,18,6 ,2,31,10,-,50,9,10,25,13,23,29,11,20,19,19,18,19,17,17,17,17		2	50	18.6	19	19	6.13		10
11		21,20,23,20,22,22,25,19,0,26,20,0,18,17,21,23,18,18,15,22,18,19,24,22,18,18,14,17,20,18,18,25,26,23,25,24,24,22,24,24,24,19,21,13,18,0,20,18,20,17,0,0,16,17,17,15,17,19,19,21,15,22,18,24,22,15,12,24,0,22,20,23,22,20,16,15,20,22,16,22,14,13,19,18,22,0,20,22,19,22,14,15,19,23,0,23,23,19,23,22,22,22,23,19,0,18,0,16,21,18,18,18,19,20		0	26	18.1	19	22	6.36	33,33,35,34,36,33,36,34,35,41,34,33,34,23,36,33,23,23,46,38,35,28,35,37,35,30,30,15,25,-,25,49,39,46,48,44,47,35,44,47,45,34,34,30,37,35,34,31,33,44,34,29,28,24,30,29,29,33,35,36,28,33,30,42,33,29,27,41,-,40,34,35,35,37,32,31,35,36,33,34,29,31,36,29,33,34,33,36,36,34,31,33,35,38,36,36,35,35,43,33,38,38,41,39,23,35,23,28,12,31,32,31,31,33		12	49	33.9	34	33	6.13	22,22,25,25,26,23,21,18,21,28,22,22,18,11,25,24,18,18,26,26,20,18,22,26,22,20,14,3,12,-,12,27,30,26,25,28,26,26,28,26,28,19,22,19,26,19,24,21,22,33,17,20,18,19,19,14,19,18,23,25,19,23,19,32,22,14,14,24,-,26,22,24,24,21,17,17,20,24,18,22,16,17,21,19,24,19,24,26,23,24,18,19,22,26,18,27,27,21,31,24,25,25,29,25,10,23,13,19,3 ,20,22,20,20,21		3	33	21.4	22	22	5.06		11
12		21,21,22,22,16,0,19,19,23,23,20,21,16,20,0,0,18,19,19,23,25,25,21,21,19,15,24,0,21,22,0,25,25,22,0,20,25,27,21,19,21,24,18,23,20,20,21,22,23,0,23,5,18,20,24,23,0,0,22,0,18,20,21,21,21,21,21,21,14,25,21,0,20,16,18,23,23,0,19,21,19,21,17,20,23,19,0,19,20,21,0,21,13,20,20,19		0	27	17.5	20	21	7.78	34,35,35,35,34,41,40,34,39,42,35,45,32,33,35,32,29,34,35,36,45,39,33,22,13,24,21,21,26,20,21,45,45,37,24,35,41,40,31,36,35,38,37,40,36,35,34,34,38,32,36,25,30,33,36,36,33,30,34,34,31,39,38,39,36,36,36,36,29,40,40,25,33,32,29,45,43,35,37,39,37,37,27,38,43,62,4 ,21,23,35,39,32,26,32,33,33		4	62	34.0	35	35	7.48	23,25,24,25,16,30,23,23,25,31,24,36,19,19,23,12,20,21,21,25,29,25,22,8,1 ,13,15,5,13,8,9,24,24,22,13,24,28,30,22,26,23,27,18,30,22,20,23,23,27,18,22,5,19,22,25,25,19,17,23,13,20,21,22,21,23,23,23,23,14,32,23,15,22,16,13,25,31,22,16,22,23,23,16,28,30,45,-1,9,11,24,20,20,12,21,23,23		-1	45	20.8	22	23	7.10		12
13		25,23,22,22,22,22,24,23,36,27,20,20,21,26,38,0,17,20,20,20,0,20,25,19,42,36,20,20,23,22,0,16,12,20,19,0,25,17,28,18,20,24,23,24,24,31,24,22,22,16,24,25,23,21,23,21,0,25,30,23,20,20,16,22,27,21,27,0,23,22,39,19,20,21,22		0	42	21.3	22	20	8.09	42,36,36,35,35,36,39,37,61,43,33,43,37,40,48,25,43,37,36,31,22,24,31,41,55,59,35,35,37,36,31,31,27,34,34,36,47,38,39,41,36,41,36,37,38,43,38,40,35,33,38,38,41,38,38,41,38,39,43,39,33,43,45,35,42,37,40,60,39,40,60,48,31,32,36		22	61	38.6	38	36	7.30	29,26,26,24,26,26,28,26,40,30,22,27,25,25,42,15,33,28,24,21,9 ,10,19,24,46,40,24,24,26,26,20,18,14,24,20,21,33,19,30,18,28,13,26,26,28,34,24,19,23,16,28,28,25,16,23,29,27,27,32,27,22,24,32,21,30,25,26,50,24,26,43,35,21,22,26		9	50	25.8	26	26	7.35		13
14		25,25,24,23,23,28,14,0,23,23,29,0,23,28,0,0,22,25,21,28,25,0,25,23,22,24,23,28,19,22,26,25,22,24,25,26,23,24,23,23,24,29,26,25,27,0,24,24,0,29,24,25,0,0,17,22,27,28,24,20,26,23,10,23,24,22,21,23,0		0	29	20.3	23	23	8.90	38,39,37,37,38,41,36,37,36,38,43,35,45,26,28,18,39,37,42,41,41,-,49,35,39,39,40,41,40,44,39,39,40,39,49,41,47,48,42,38,45,41,39,39,39,43,37,38,38,48,39,41,73,11,35,38,41,41,39,37,46,24,26,40,41,50,39,37,39		11	73	39.2	39	39	7.62	28,29,27,27,27,32,16,23,27,31,33,18,31,10,8,8,23,29,24,32,27,-,41,25,22,26,27,32,23,25,29,29,22,28,27,30,26,28,27,24,25,31,29,29,30,25,21,27,23,37,26,24,57,-1,19,25,31,31,28,23,33,0,5 ,27,22,24,23,27,29		-1	57	25.5	27	27	8.45		14
15		27,26,26,27,28,30,30,31,26,25,23,24,19,22,0,24,23,29,27,0,0,24,29,22,19,25,24,0,0,25,0,29,0,26,24,27,0,0,16,0,0,24,21,29,18,20,31,29,25,28,21,27,0,30,27,28,28,0,26,24,25,26,21,21,23,26,25,27,26,29,27,25,24,25,0,22,22,0,24,0,28,0,0,0,27,26,26,24,29,0,25,24,24,0,29,27,25,24,22,27,0,0,0,20,23,29,28,26,25,25,31		0	31	19.9	24	0	10.78	52,48,40,40,44,43,44,44,45,44,45,40,40,47,46,42,49,48,34,41,39,37,42,38,15,17,45,35,39,49,41,41,37,68,39,40,37,40,22,41,41,44,38,45,38,33,48,47,55,45,41,42,42,53,43,41,42,42,44,42,39,37,39,37,44,40,42,41,43,54,51,39,50,41,35,47,40,41,51,26,38,39,44,44,52,44,49,43,45,37,64,17,51,64,31,53,40,84,57,71,43,28,27,50,43,42,42,42,49,42,44		15	84	42.9	42	42	9.37	35,34,30,30,31,33,34,34,26,25,30,24,24,22,29,32,39,31,17,26,23,21,26,25,5,5 ,28,21,23,41,28,30,25,34,27,31,23,26,9,26,26,31,25,33,19,24,35,37,41,32,23,28,31,33,29,31,32,23,27,25,28,26,21,29,27,30,33,31,29,31,28,25,32,24,22,29,30,21,34,11,28,25,23,21,31,26,26,26,29,23,46,5 ,25,55,19,40,25,62,27,54,20,13,11,36,31,32,32,30,33,27,35		5	62	28.0	28	31	8.53		15
16		25,24,32,31,34,30,32,33,28,23,23,0,23,0,23,35,27,31,24,25,25,28,26,26,30,21,23,0,43,26,27,0,0,29,33,0,28,27,26,33,0,24,25,25,30,23,32,29,28,24,21,32,33,33,34,20		0	43	24.4	26	0	10.15	43,39,45,45,47,47,49,45,53,41,41,-,44,48,39,55,43,50,40,49,51,46,40,44,53,28,43,44,69,45,44,41,46,43,55,37,41,43,43,57,40,42,32,48,44,44,44,43,45,38,42,47,45,46,46,40		28	69	44.8	44	43	6.08	32,27,35,35,38,39,40,36,36,23,25,-,25,24,24,39,28,39,28,33,26,36,25,29,38,10,25,26,59,34,34,27,22,33,37,22,29,34,34,49,26,32,20,33,30,31,35,33,36,24,29,34,36,37,37,28		10	59	31.6	33	36	7.42		16
17		0,22,32,32,31,33,32,28,25,27,32,31,29,0,25,38,31,33,23,24,21,14,31,30,31,26,25,27,0,0,26,28,29,27,27,28,27,0,25,26,22,30,29,26,30,35,34		0	38	25.1	27	0	9.58	49,39,+5,46,48,47,48,47,48,52,57,56,54,43,48,21,45,42,36,56,34,30,12,49,48,38,49,44,42,22,39,47,46,44,47,51,44,44,24,30,40,46,46,47,46,47,47		12	57	43.2	46	47	9.30	35,29,47,36,39,37,39,28,41,42,40,47,45,24,32,6,35,35,26,40,20,22,0,34,33,28,25,34,24,8,28,32,37,35,29,29,34,28,11,18,25,37,37,28,30,38,38		0	47	30.7	33	28	10.02		17
18		28,31,33,32,32,32,32,34,33,24,33,29,30,30,31,32,0,27,34,35,31,26,25,28,32,36,21,30,0,29,35,0,32,26,30,0,27,33,0,32,35,35,34		0	36	27.2	31	32	10.36	49,51,49,49,48,48,48,52,50,52,57,54,57,45,52,51,33,45,51,51,46,44,53,49,47,52,40,47,51,48,47,37,54,47,20,31,28,40,47,49,51,48,50		20	57	46.9	49	51	7.36	32,35,40,40,38,40,39,42,40,40,49,37,46,33,34,35,15,30,42,42,31,34,33,32,37,40,18,38,31,37,37,24,40,34,7,19,18,26,31,40,38,39,42		7	49	34.3	37	40	8.48		18
19		41,36,35,34,33,33,26,41,33,0,0,36,35,32,29,29,34,0,25,30,0,32,29,26,0,36,35		0	41	26.7	32	0	13.27	54,51,52,50,50,51,51,66,15,27,48,52,52,48,58,49,58,50,59,51,42,60,22,49,47,51,51		15	66	48.7	51	51	10.84	45,42,43,41,41,41,42,49,2,12,30,43,43,34,45,31,50,36,41,34,27,48,13,34,30,43,43		2	50	36.4	41	43	11.44		19
20		32,33,36,37,38,33,0,36,35,30,36,33,0,31,0,0,0,33,29,30,29,35,28,32,30,0,34,37,40,37,36,32,28,30,39,0,0,39,37,38,32		0	40	27.2	32	0	13.74	58,60,53,53,57,64,54,32,48,49,53,57,50,62,55,50,52,49,50,47,46,61,54,53,57,57,55,56,58,59,55,47,42,66,34,26,52,54,56,54,59		26	66	52.5	54	53	7.89	40,41,44,44,45,37,33,20,38,30,44,49,24,47,37,34,28,36,37,38,25,48,36,34,32,49,38,41,43,41,43,36,29,53,20,13,34,42,44,46,36		13	53	37.3	38	44	8.54		20
21		0,33,35,34,35,29,0,32,0,0,45,34,0,34		0	45	22.2	32.5	0	16.88	55,59,58,58,62,57,59,56,45,61,71,26,61,52		26	71	55.7	58	59	9.91	31,46,50,50,51,44,34,47,27,36,60,12,34,36		12	60	39.9	40	50	11.83		21
22		0,33,31,45,32,32,0,0,37,35,0,31,40,41,0,29		0	45	24.1	31.5	0	16.75	62,64,57,20,51,46,53,64,61,59,62,57,57,22,15,62		15	64	50.8	57	62	16.01	37,49,41,8,35,33,42,37,53,51,36,47,48,8,6,45		6	53	36.0	39	37	14.94		22
23		29,0,42,0,33,27,38,0,51,37,42,4,55,0,53,40		0	55	28.2	35	0	19.90	47,63,63,57,59,53,62,61,78,57,74,77,76,47,81,12		12	81	60.4	61.5	47	16.27	37,35,45,42,48,31,54,49,54,41,43,45,58,32,56,2		2	58	42.0	44	45	13.09		23
24		0,36,36,36,0,0,58,36		0	58	25.3	36	36	20.76	25,72,67,51,63,61,74,66		25	74	59.9	64.5	-	14.75	11,52,52,44,51,36,61,44		11	61	43.9	47.5	52	14.23		24
25		0,4,1,4,31,44,40,36,43,37,37,44		0	44	26.8	36.5	4	17.71	9,67,66,79,17,65,56,71,69,66,42,31		9	79	53.2	65.5	66	21.95	2,42,41,45,5,38,48,36,57,53,27,15		2	57	34.1	39.5	-	17.36		25
26		40,31,0,0,0		0	40	14.2	0	0	17.62	71,84,86,78,77		71	86	79.2	78	-	5.34	56,41,52,47,49		41	56	49.0	49	-	5.02		26
27		41,52,44,0,48,30,54,48		0	54	39.6	46	48	16.52	74,82,74,87,83,55,69,86		55	87	76.3	78	74	10.02	57,47,46,52,48,33,53,52		33	57	48.5	50	52	6.76		27
28		48,0,46,0,0,50		0	50	24.0	23	0	24.03	27,32,79,90,85,66		27	90	63.2	72.5	-	24.95	14,19,62,52,42,46		14	62	39.2	44	-	17.23		28
29		51,53,48,41,0		0	53	38.6	48	-	19.72	26,87,82,69,80		26	87	68.8	80	-	22.19	14,56,51,41,62		14	62	44.8	51	-	16.87		29
30		0,42,48,0,46,51,46,50		0	51	35.4	46	0	20.58	67,97,89,92,76,78,42,9 		9	97	68.8	77	-	27.78	44,58,48,51,59,54,21,2		2	59	42.1	49.5	-	18.88		30
																											
				Fortitude								Reflex								Will							
CR				Min	Max	Mean	Median	Mode	Std Dev			Min	Max	Mean	Median	Mode	Std Dev			Min	Max	Mean	Median	Mode	Std Dev		CR
1		2,3,3,4,2,0,3,1,1,4,3,3,2,2,3,1,1,1,5,4,1,4,1,3,4,4,2,5,6,4,2,1,3,2,3,5,6,2,0,3,1,2,0,0,5,6,1,5,2,2,2,4,4,4,3,6,4,6,6,4,4,5,4,5,3,8,5,3,4,4,2,3,4,1,2,1,5,5,5,5,0,0,6,6,0,5,5,4,4,0,4,4,2,2,1,6,4,4,3,5,5,4,3,4,2,2,2,2,0,3,1,1,0,5,5,5,4,5,5,0,4,1,4,0,4,4,4,2,2,5,0,2,4,3,2,1,0,0,4,4,3,1,4,3,3,4,3,4,7,3,1,3,6,2,0,6,4,7,3,3,7,3,5,2,3,5,2,4,5,5,0,5,3		0	8	3.2	3	4	1.82	2,2,5,5,0,-5,-5,6,6,1,4,4,2,2,-5,0,6,7,6,1,0,1,6,6,0,6,7,5,3,6,4,4,3,0,5,5,8,6,1,5,6,3,3,3,0,0,3,5,2,2,2,6,3,0,5,3,3,6,6,5,5,2,4,0,0,1,2,7,0,4,2,5,2,6,4,7,5,5,0,2,1,4,5,4,6,-4,5,-2,5,6,3,5,2,4,2,3,3,0,1,4,6,5,1,-5,6,6,5,4,2,1,4,6,2,6,0,0,6,1,5,6,3,1,5,0,5,5,4,3,1,5,2,6,5,4,5,5,2,2,6,-1,4,5,2,5,2,2,5,3,4,3,6,7,6,3,1,6,5,-1,1,5,7,3,4,3,4,5,5,5,5,5,0,4,5		-5	8	3.3	4	5	2.54	0,4,2,1,-5,-5,-5,5,4,0,1,2,4,4,-4,4,4,5,0,6,5,1,5,2,1,1,4,7,6,11,3,8,8,5,8,1,2,5,4,2,4,3,5,5,1,1,3,1,5,5,5,1,2,0,2,-2,1,-1,-1,2,1,0,1,0,0,2,1,1,0,1,4,1,0,3,2,6,1,1,0,1,3,1,1,2,1,0,1,12,1,4,-1,1,5,1,3,1,0,0,0,2,1,2,0,-5,3,4,4,4,3,-1,5,4,2,1,0,-1,0,0,1,4,0,4,4,3,0,2,1,2,4,1,2,1,1,4,3,1,3,2,0,3,0,3,0,0,0,0,0,0,2,0,5,2,2,2,3,2,11,3,5,1,1,1,1,3,0,1,4,0,1,1,1,1,1		-5	12	2.0	1	1	2.57		1
2		5,6,5,2,6,6,6,5,5,6,2,3,1,5,1,5,6,6,2,5,2,1,7,1,2,4,5,2,0,1,5,4,4,6,6,4,3,5,3,5,7,5,2,5,4,1,0,1,0,4,6,4,0,0,5,3,6,1,2,3,3,4,5,4,7,5,10,7,3,2,5,3,4,7,5,3,3,1,1,4,4,3,5,4,3,6,6,6,1,2,2,5,6,4,4,3,4,4,1,6,3,6,5,4,3,5,5,6,8,6,6,5,6,2,7,3,1,1,5,5,2,2,0,1,1,0,0,5,2,5,1,5,4,2,3,4,5,2,5,4,5,5,2,4,5,0,5,3,3,3,4,5,5,1,8,6,5,3,5,3,5,5,3,1,2,3,4,1,7,3,5,5,4,4,5,2,4,5,5,4,2,3,2,3,1,3,4,4,6,4,2,7,5,3,4,4,5,4,3,3,5,4,4,3,7,2,4,1,6,4,2,5,3,3,3,3,2,3,6,3,6,1,1,4,0,4,2,1,4,2,3,5,4,5,2,1,3,4,7,5,1,7,5,4,4,5,6,5,1,3,5,2,4,5,6,1,2,5,4,4,7,8,2,3,5,6,4,5,5,4,4,4,5,6,6,5		0	10	3.8	4	5	1.87	3,1,5,8,3,6,6,1,6,5,5,7,6,5,2,5,1,3,5,0,3,2,5,6,4,5,4,5,1,6,2,3,6,2,2,6,3,5,4,7,1,4,3,-4,5,5,1,1,4,4,3,6,5,5,6,3,4,6,5,6,6,5,5,5,1,6,8,6,4,1,0,5,4,5,8,6,4,1,1,6,6,3,2,6,4,2,5,5,7,6,5,2,2,3,4,4,4,1,3,0,2,-4,2,6,5,2,2,6,3,6,4,6,6,3,5,2,2,5,5,6,3,3,7,6,3,2,2,6,6,4,7,2,6,7,6,3,7,7,4,3,2,5,7,6,4,1,4,4,9,2,1,5,7,4,5,8,2,2,5,9,0,4,3,4,6,7,6,5,1,7,3,2,3,2,4,6,5,6,1,5,2,2,7,5,5,6,5,5,1,2,8,7,7,2,6,4,2,5,3,6,3,8,4,5,5,4,2,3,1,5,3,6,5,2,1,4,7,4,0,5,5,6,6,4,5,7,4,3,6,7,4,2,6,6,0,5,5,5,0,4,5,7,0,3,1,4,1,3,5,6,0,5,4,3,6,6,6,5,4,4,1,1,5,6,1,2,1,5,6,3,8,6,3,3,3,4		-4	9	4.1	4	5	2.13	3,1,3,4,1,1,1,4,1,2,4,3,3,2,5,4,1,1,4,1,4,2,2,4,1,1,1,4,3,3,4,2,2,1,1,2,2,2,2,2,1,1,4,-4,3,2,1,0,0,1,1,2,7,7,2,3,2,2,5,1,11,5,2,11,10,4,2,1,10,15,12,15,2 ,0,2,2,1,4,4,5,5,4,1,4,3,2,1,3,6,5,4,1,2,2,4,-4,7,5,6,1,2,1,1,2,2,1,1,2,1,2,1,2,0,5,2,1,3,4,2,2,4,4,1,4,5,0,0,2,3,2,5,2,5,5,1,0,2,6,1,1,1,1,6,4,1,0,1,3,4,3,3,2,3,5,2,2,1,1,3,5,3,2,6,1,4,2,3,4,1,6,1,2,6,0,3,1,2,1,1,2,4,4,5,6,4,4,2,1,1,2,7,3,3,4,4,4,4,1,1,1,0,4,1,5,2,4,8,1,5,2,4,2,3,4,3,6,4,3,-4,5,0,3,3,4,2,2,1,1,2,4,2,1,2,2,1,4,10,4,8,7,8,13,4,4,1,3,14,4,5,3,1,5,2,2,3,2,4,4,2,2,4,4,3,3,2,2,-4,2,3,1,3,2,2,1,1,3		-4	15	3.0	2	2	2.59		2
3		5,6,0,3,3,3,4,1,6,5,7,6,2,1,3,7,10,6,3,7,1,5,3,3,1,1,3,3,7,6,2,6,3,1,5,4,2,0,3,7,2,3,2,6,3,2,8,5,8,7,6,8,8,6,7,6,6,3,4,4,4,5,5,6,6,6,2,6,5,5,6,7,3,4,7,5,6,3,7,3,9,2,5,7,7,6,8,7,11,6,5,7,6,5,7,7,8,6,7,7,5,8,4,9,7,7,5,2,6,7,1,1,3,5,9,2,5,6,7,3,6,6,4,6,3,6,6,7,6,7,2,2,3,7,3,5,6,4,5,5,5,8,5,5,6,6,6,1,6,7,6,21,8,7,3,6,7,6,4,6,5,6,6,6,6,3,2,7,7,7,6,7,8,5,7,6,7,7,5,6,3,2,1,2,3,6,5,5,2,5,7,7,6,2,6,2,6,4,2,1,3,5,5,6,2,6,6,5,1,6,5,6,3,3,6,7,1,8,7,3,6,6,5,4,2,1,4,6,5,5,3,2,6,1,7,7,3,9,9,5,5,5,6,5,2,6,3,3,7,6,3,7,4,6,5,8,7,7,2,5,1,3,4,7,8,5,6,7,8,4,3,7,7,5,5,3,3,3		0	21	5.0	5	6	2.31	4,10,2,7,2,7,4,1,3,5,1,5,7,5,3,2,2,6,6,6,4,7,3,7,0,-1,6,4,1,7,6,7,-4,-1,7,7,1,6,7,8,6,7,8,1,2,7,6,3,6,6,6,6,9,7,6,7,7,6,5,2,4,9,9,6,4,4,1,8,7,5,3,3,7,4,5,6,4,6,2,2,-4,4,3,3,1,3,6,6,8,2,7,5,3,3,2,6,2,1,1,6,7,2,0,1,6,1,7,3,4,-1,4,5,5,-4,7,2,5,5,6,3,6,-2,4,1,1,5,7,-2,6,6,6,6,5,6,2,6,4,6,7,2,4,4,5,1,4,7,1,6,7,6,4,11,3,5,2,9,0,7,8,4,8,3,4,8,5,2,5,4,6,9,1,5,6,3,5,8,-4,4,6,7,2,2,4,8,4,0,11,6,5,7,6,1,2,7,7,7,8,7,11,11,6,5,4,7,4,5,2,1,0,2,5,1,3,3,6,4,8,1,4,1,0,1,7,8,9,5,3,8,3,5,9,6,3,0,1,1,4,3,6,7,9,7,3,7,3,5,6,7,7,4,8,1,5,3,4,0,0,4,6,3,0,5 ,5 ,2,2,2,2,2,2,6,2,6,6,7,7,6,6,0		-4	11	4.4	5	6	2.78	3,3,0,5,4,5,0,-4,2,5,2,3,3,1,5,1,6,2,6,2,1,1,6,5,1,0,6,6,6,2,6,1,7,0,5,2,4,2,5,2,29,17,1,2,4,5,7,8,1,3,3,3,5,2,2,3,5,5,4,7,11,1,2,2,6,6,5,0,3,4,2,3,4,4,3,4,7,5,1,5,-4,6,4,1,1,2,1,2,2,2,3,2,2,1,3,2,1,1,1,2,2,2,0,1,2,1,4,6,4,3,2,1,3,1,20,4,5,1,2,6,3,-4,2,2,5,2,2,1,2,2,5,5,4,2,5,3,5,2,5,1,5,1,5,1,1,0,3,3,2,3,3,7,10,2,5,1,4,1,4,1,1,1,1,1,1,4,3,2,2,2,1,1,3,3,4,2,-4,4,3,3,4,4,1,4,5,3,2,6,5,6,4,1,2,6,2,3,3,4,6,6,3,2,7,4,5,3,4,1,1,3,2,-4,4,5,2,3,7,2,5,5,-4,1,2,2,5,3,6,2,1,1,4,4,2,3,2,-4,5,2,3,15,7,7,4,1,3,2,29,6,6,4,6,2,5,2,1,5,1,2,6,3,1,3,3,2 ,2,3 ,3 ,4,4,5,5,1,1,4,4,6,8,7		-4	29	3.4	3	2	3.45		3
4		4,5,2,4,7,6,9,8,7,7,6,6,6,0,6,5,1,6,4,7,5,8,10,8,6,7,3,4,2,6,7,5,5,6,1,6,9,8,7,5,7,8,1,6,5,4,1,7,8,1,2,6,9,2,4,4,4,7,7,7,7,4,3,7,5,3,5,2,4,8,9,1,7,5,1,6,6,5,6,3,8,7,4,6,4,1,13,7,7,7,3,7,7,7,10,10,7,3,5,9,3,4,9,10,7,5,7,4,8,2,6,9,6,4,3,8,6,4,8,8,8,6,1,6,1,7,6,3,6,4,5,6,2,4,3,7,6,7,7,3,7,0,4,9,4,10,1,6,7,7,2,1,3,4,3,8,8,5,6,5,6,5,7,5,6,7,7,3,6,8,9,6,3,4,10,7,8,6,7,7,7,5,4,2,6,5,10,8,7,6,4,10,1,1,6,5,2,8,7,5,3,8,6,7,4,8,5,5,6,3,7,7,7,6,8,5,1,5,6,3,5,4,2,4,6,4,3,8,4,6,4,7,2,6,3,8,3,7,6,6,5,6,6,6,6,1,8,5,6,2,4,4,7,7,5,5,5,6,5,6,6,3		0	13	5.5	6	6	2.29	3,2,8,6,5,5,3,3,1,1,7,6,7,6,2,6,6,7,2,2,2,4,2,2,2,7,3,3,4,3,7,3,4,6,2,10,10,7,6,7,1,7,0,4,3,10,3,7,3,9,6,4,-4,6,9,9,3,5,7,4,7,8,8,9,3,7,1,1,8,5,4,2,7,4,4,3,6,9,3,2,3,5,3,4,6,2,10,4,7,6,1,9,1,2,7,6,3,7,4,2,4,3,-4,6,4,6,6,2,5,9,8,8,5,7,3,5,5,8,6,7,8,7,6,7,0,6,6,7,6,8,3,6,3,8,7,4,3,2,6,0,7,5,4,-4,7,3,-3,4,6,7,5,6,3,5,9,8,8,4,-3,5,5,1,1,8,5,0,6,8,6,3,8,2,2,5,5,6,7,4,7,7,2,1,7,9,2,7,4,6,8,7,8,1,1,1,3,4,0,6,6,7,2,5,9,9,6,7,5,5,8,3,2,5,3,12,-3,4,0,6,8,9,7,5,4,8,0,7,7,7,6,2,5,2,8,6,2,5,8,9,8,6,4,6,7,5,9,3,3,6,6,7,7,8,1,8,7,6,5,6,5,3,3,3		-4	12	4.9	5	6	2.77	7,8,8,7,2,1,8,4,4,7,3,2,4,5,5,8,4,7,5,2,7,1,3,2,6,2,6,7,5,3,3,5,7,4,1,3,0,3,4,3,7,3,3,6,1,5,2,3,3,7,4,2,-4,12,2,13,17,2,12,3,4,-1,1,6,3,7,4,10,0,4,3,1,2,6,6,2,4,8,-4,5,5,3,6,2,4,2,4,3,3,2,4,3,1,2,2,3,3,5,5,4,6,6,-4,4,2,4,4,6,2,6,8,-1,5,6,6,3,5,7,2,3,0,1,2,4,1,2,2,5,2,6,4,1,6,7,7,6,6,5,2,7,7,4,2,-4,6,1,1,2,2,1,2,2,5,7,4,3,3,8,-4,6,5,6,4,3,1,3,3,6,6,0,4,5,6,6,2,2,3,7,3,2,2,1,2,6,4,7,2,1,3,5,8,-3,1,1,3,4,2,4,5,5,1,3,6,4,6,7,4,6,4,4,2,1,1,5,1,7,1,2,6,4,6,4,19,5,2,2,4,2,14,0,6,2,7,5,1,2,7,2,5,4,10,3,2,6,2,1,8,2,2,4,4,3,2,2,5,6,5,6,5,6,5,6		-4	19	4.0	4	2	2.93		4
5		9,7,9,6,9,8,2,9,7,8,8,1,8,9,9,4,8,5,4,5,3,8,5,3,5,8,7,9,7,4,5,5,4,5,6,6,6,5,7,5,6,4,5,2,5,5,9,5,10,4,5,8,7,8,5,7,9,9,8,4,6,6,8,11,9,4,6,5,8,4,8,2,10,6,8,1,5,8,3,8,9,9,8,10,8,4,12,11,8,7,8,8,9,9,9,8,9,7,7,8,3,2,10,6,6,5,11,8,3,8,8 ,9,6,6,5,2,2,8,9,8,10,10,6,8,3,9,9,8,6,9,8,8,9,8,9,9,9,7,4,8,9,6,9,8,2,8,4,5,4,7,10,5,6,2,8,6,9,8,8,10,8,9,6,7,4,8,6,10,6,8,8,9,8,11,2,4,4,9,10,5,11,4,4,8,7,8,7,5,4,1,9,9,5,4,8,10,8,8,10,9,8,2,3,11,3,7,7,8,5,7,7,7,9,5,4,9,8,6,6,6,9,4,5		1	12	6.8	7	8	2.36	1,6,2,6,6,3,4,6,5,3,3,7,3,4,7,6,10,8,3,5,1,7,4,6,5,8,2,8,4,6,8,7,9,9,6,7,5,4,8,3,2,6,4,1,4,9,2,9,9,9,9,6,9,9,8,7,8,9,5,9,8,2,4,5,7,3,4,6,9,4,6,4,1,7,4,3,7,5,7,4,2,6,6,6,4,6,8,8,2,3,9,9,7,2,4,4,8,-3,5,6,8,4,-2,7,5,11,4,8,5,8,5,7,10,5,7,1,1,6,7,-3,6,6,10,10,7,13,1,11,12,7,12,5,7,12,6,8,6,2,10,5,7,7,5,4,8,7,2,8,6,6,5,6,7,7,7,8,6,-3,4,5,7,8,5,4,5,8,4,7,10,11,6,9,5,4,2,9,9,8,5,6,4,8,5,7,6,7,11,6,4,1,7,6,6,10,5,6,7,7,5,7,6,3,3,4,9,8,1,3,7,7,7,9,3,9,9,6,5,4,7,7,9,10,5		-3	13	5.9	6	7	2.74	4,4,3,4,2,4 ,2,5,3,2,2,4,1,5,3,5,4,8,5,8,1,3,5,6,1,5,9,3,6,8,9,6,6,7,5,8,7,6,3,6,8,8,7,2,6,7,4,19,8,1,3,5,0,20,6,10,2,3,7,9,3,-4,8,3,5,8,6,7,4,6,6,4,2,5,4,1,7,3,4,7,2,1,3,4,3,6,3,4,1,3,3,3,5,3,2,5,7,-3,7,2,8,3,3,7,5,7,5,3,6,4,3,3,8,6,6,2,2,4,3,-3,3,4,8,5,4,2,6,4,6,2,2,2,2,2,3,2,4,3,9,7,3,6,3,8,4,6,8,8,6,4,2,7,7,1,3,4,4,-3,3,2,3,5,5,11,7,3,0,4,7,2,3,4,5 ,3,2,6,6,4,3,9,3,5,7,5,3,3,6,8,6,1,3,2,4,7,3,5,-2,15,12,2,10,6,10,1,8,4,6,3,8,6,6,2,2,10,6,3,7,6,5,7,4,7,5		-4	20	4.7	4	3	3.01		5
6		9,3,12,8,9,7,4,5,4,10,9,9,6,5,4,9,6,7,2,9,10,4,5,2,9,7,7,10,9,7,9,9,9,9,10,9,10,6,13,2,2,2,11,9,10,8,4,9,8,5,9,6,9,10,10,9,7,10,9,5,10,9,7,4,3,9,6,11,9,10,10,11,9,9,9,10,2,6,8,6,6,8,5,11,8,12,6,5,8,8,9,6,10,10,8,8,6,8,7,5,5,5,8,6,7,7,6,9,5,2,10,5,9,9,8,10,10,6,8,9,6,8,7,2,5,9,6,11,9,10,5,12,9,8,11,10,6,7,8,9,6,6,8,7,6,10,12,13,9,10,10,11,9,9,9,7,6,9,9,9,6,6,9,8,4,5,7,5,4,8,5,7,10,2,6,4,3,10,4,5,2,5,9,9,7,7,8,5,8,3,7,9,2,2,13,7,9,8,8,10,10,8,8		2	13	7.5	8	9	2.52	9,2,7,6,3,2,6,8,6,6,10,11,6,5,5,9,8,10,6,6,4,2,5,7,9,5,7,5,8,7,6,3,6,9,8,3,6,9,-1,6,5,2,6,7,7,4,4,7,6,5,8,6,8,6,9,2,10,7,2,3,1,7,6,10,3,7,6,6,3,9,5,7,9,8,-3,8,1,5,9,11,5,7,7,6,7,12,6,9,8,9,2,-1,8,6,5,11,6,9,9,6,13,13,3,9,10,2,8,4,9,3,8,13,10,7,6,-3,7,6,12,3,10,9,5,2,4,7,5,4,6,9,7,8,10,9,6,8,4,5,10,5,5,10,8,6,5,2,3,3,5,7,7,5,4,4,9,1,8,5,11,7,5,4,1,14,4,10,9,12,3,-4,7,9,4,5,9,6,5,8,7,5,-3,4,4,-2,7,6,4,10,-2,12,8,8,5,1,6,7,6,10,2,8,9,9,7		-4	14	6.2	6	6	3.17	4,3,4,6,3,6,8,9,7,5,9,2,9,10,4,4,8,8,4,5,4,8,13,4,6,8,7,7,7,3,5,3,3,3,4,8,2,9,14,2,2,0,5,5,2,4,11,4,5,5,10,28,9,6,8,4,9,2,5,10,4,6,4,7,3,4,10,3,3,6,2,5,0,5,-3,3,2,7,3,8,10,8,8,4,3,3,7,9,5,3,6,-3,4,8,4,9,6,3,11,6,6,6,3,9,10,-3,9,9,8,2,4,7,4,5,10,-3,9,4,4,3,10,4,3,2,7,3,5,3,3,3,8,4,2,5,7,8,6,6,7,3,10,3,6,7,8,2,3,1,7,4,6,4,3,4,5,-2,9,5,3,5,6,8,4,5,8,7,3,8,7,1,17,4,9,10,21,2,1,2,7,7,6,7,5,-2,7,8,6,7,-2,11,9,4,5,2,3,7,8,6,5,5,6,6,5		-3	28	5.6	5	4	3.63		6
7		3,6,8,10,6,12,11,15,5,6,8,13,8,9,12,6,5,9,6,11,3,9,11,10,7,9,6,10,9,7,9,7,6,10,12,12,14,10,12,10,9,7,7,7,8,7,10,3,7,14,13,2,8,2,3,6,10,5,7,11,12,11,11,12,13,7,9,12,7,6,12,11,7,10,11,10,11,11,10,8,11,10,10,8,11,10,11,9,7,11,6,12,10,10,5,10,8,3,10,7,7,7,8,9,9,7,6,11,9,9,11,7,4,10,11,12,10,5,7,8,14,13,8,10,11,6,6,2,9,7,6,10,11,11,9,6,10,10,5,5,10,12,9,2,11,11,5,9,3,4,7,10,10,13,10,6,6,7,9,3,6,9,6,7,12,3,11,7,11,8,8,6,10,5,7,7,8,8,11,11,9,9,8,9,10,9		2	15	8.5	9	10	2.72	7,12,5,8,11,5,8,8,4,9,2,6,0,-2,3,11,5,6,9,6,3,-2,8,7,6,6,8,13,8,10,7,6,9,7,5,8,9,6,4,9,9,5,7,5,-2,11,13,2,5,9,7,1,5,3,2,9,7,7,5,10,5,3,10,10,5,12,10,5,6,5,3,1,12,13,2,12,16,2,14,15,10,15,6,3,10,15,11,7,7,11,6,10,10,8,8,12,12,7,3,10,4,4,-2,-2,10,8,8,8,5,3,3,9,2,3,11,10,11,6,8,12,7,18,10,9,5,9 ,11,3,9,10,10,12,7,5,12,12,11,11,11,11,4,4,7,7,5,6,13,13,6,5,6,7,6,10,7,9,9,9,9,2,5,5,10,9,9,7,3,8,6,7,7,11,9,9,10,10,8,8,6,6,8,8,7,8,8,7		-2	18	7.4	7.5	7	3.57	5,13,11,6,9,3,1,3,8,9,7,4,-2,-2,3,9,7,6,6,5,3,-2,5,3,8,8,13,4,4,7,6,9,7,4,3,2,3,3,8,8,2,8,5,-2,7,4,2,3,10,6,6,2,7,2,3,10,5,9,7,6,3,3,5,7,3,9,10,4,7,18,5,5,6,5,3,8,5,7,5,7,3,5,3,2,3,3,3,3,9,4,9,8,8,7,12,10,4,3,8,10,9,9,-2,-2,5,2,7,7,10,3,4,11,8,8,6,10,6,6,9,8,4,16,10,6,7,5,10,2,11,10,8,5,4,3,7,8,5,7,7,7,8,3,11,8,9,4,7,3,3,9,8,6,6,5,9,8,14,10,8,21,8,7,5,2,5,3,5,10,10,7,9,9,5,4,9,7,8,10,4,4,7,7,7,10,10,7		-2	21	6.3	6.5	3	3.40		7
8		11,8,10,6,11,6,8,11,14,11,15,12,6,8,7,6,12,3,14,7,12,4,7,8,7,12,7,9,12,10,12,11,11,8,9,11,12,11,10,12,9,7,11,14,5,11,7,12,5,12,10,10,15,5,15,6,11,3,11,12,12,11,14,8,4,10,12,12,13,9,13,15,4,11,5,8,11,10,13,6,7,7,11,8,16,9,7,11,11,11,7,7,11,12,10,15,5,3,9,8,8,3,12,12,6,12,9,9,9,9,3,9,13,12,3,11,11,8,11,11,12,12,8,10,11,10,12,12,3,3,7,10,11,11,11,10,12,6,7,12,11,11,6,14,7,3,8,10,13,15,15,6,7,7,5,2,9,10,12,7,8,9,7,9,9,11,11,9		2	16	9.4	10	11	3.07	7,10,8,3,12,11,6,12,5,7,8,8,14,8,10,5,3,5,7,11,9,6,5,11,13,7,10,7,5,0,10,11,8,6,7,8,11,5,7,10,9,10,8,7,6,12,6,9,8,7,8,5,5,5,17,7,11,5,12,0,4,10,4,11,3,9,8,3,6,9,7,6,7,4,8,7,9,10,12,8,15,15,9,9,5,6,8,9,9,4,13,12,9,9,6,3,12,1,11,10,11,3,7,12,10,3,2,10,6,9,3,6,7,5,1,11,8,4,6,9,2,4,8,7,3,8,6,7,6,3,11,8,12,10,10,2,7,11,14,6,5,10,13,6,4,8,7,5,3,8,8,7,8,11,5,-2,7,10,9,7,10,6,5,8,7,8,7,7		-2	17	7.5	7.5	7	3.17	9,8,12,11,6,14,8,8,8,10,7,5,11,8,8,8,5,3,6,3,8,5,8,10,10,6,1,7,2,8,5,8,5,32,18,7,2,9,-1,7,6,9,12,8,9,7,10,7,7,3,7,5,5,9,16,8,7,3,7,4,4,5,3,9,4,6,4,3,7,6,4,5,7,7,7,11,10,7,5,11,7,7,2,11,3,12,8,9,9,5,6,11,8,5,8,7,8,6,5,9,9,3,8,4,9,4,5,10,8,9,5,11,10,10,3,12,5,0,7,5,5,7,10,4,4,8,4,11,3,3,9,4,4,3,6,-1,4,8,11,7,12,5,12,2,2,16,11,9,27,5,4,12,8,9,5,1,9,6,9,9,8,10,9,8,9,10,9,11		-1	32	7.3	7	8	4.00		8
9		10,4,12,12,13,14,14,11,15,7,8,8,7,14,12,12,11,12,12,14,12,14,8,9,5,13,4,9,6,12,13,9,15,14,11,9,12,12,12,5,8,8,11,14,13,12,8,9,12,10,12,14,14,8,11,12,13,12,12,9,12,11,12,12,12,12,10,8,9,4,11,11,11,12,12,7,11,12,12,9,10,9,11,10,10,14,13,8,11,12,9,3,12,10,10,7,10,14,13,14,8,9,4,5,12,13,12,13,12,15,14,12,9,5,12,13,8,10,12,12,9,13,13,12,13,13,10,16,9,15,11,8,12,13,10,8,13,8,9,9,10,9,9,11,11,10,10,10,10,10,10,10,12,10,13		3	16	10.7	11	12	2.55	7,8,8,11,7,12,12,12,3,11,12,10,6,3,12,6,11,10,11,5,12,5,7,7,12,6,4,-2,7,8,7,11,8,13,9,7,10,8,9,10,14,7,1,3,7,13,12,9,1,6,5,13,0,9,8,18,3,16,10,16,14,17,7,14,17,15,10,13,8,4,9,8,8,9,6,16,10,9,15,14,9,4,8,12,12,10,12,8,7,9,6,2,2,8,8,11,10,9,10,8,5,16,4,5,10,3,10,14,13,8,12,14,11,10,11,3,10,14,10,14,-2,10,11,12,10,7,11,3,13,12,-2,8,11,11,8,11,10,12,6,6,11,9,5,10,8,8,8,7,7,10,11,9,12,8,11		-2	18	9.0	9	8	3.83	12,4,7,8,7,7,7,6,8,9,10,10,9,6,7,7,8,6,6,6,5,2,11,11,7,5,4,-1,0,21,10,11,4,6,17,9,9,0,4,7,10,8,-2,6,7,6,9,10,7,9,6,5,6,12,4,6,8,6,4,8,4,6,4,4,4,4,12,13,9,4,10,11,11,7,8,8,8,4,13,12,12,-1,5,10,10,7,8,8,6,10,11,3,3,4,7,8,11,7,5,11,9,10,4,9,6,4,8,8,7,4,5,8,14,6,9,5,10,10,5,9,-2,12,5,7,1,6,6,21,5,10,6,13,15,12,12,10,6,10,9,9,10,12,15,9,8,8,10,8,11,10,10,10,8,10,6		-2	21	7.7	8	6	3.61		9
10		14,5,9,15,13,13,4,8,15,14,11,12,9,18,8,9,4,4,10,9,9,10,13,13,9,15,7,11,6,12,12,13,13,8,9,14,14,14,11,5,14,13,6,10,9,13,14,17,15,6,8,8,14,13,9,9,12,5,6,12,9,9,12,12,10,12,8,12,15,7,4,14,13,8,13,12,10,11,12,11,13,11,16,11,11,8,7,13,14,6,9,14,14,14,11,9,9,5,14,13,11,14,14,12,6,13,10,11,9,4,7,16,12,5,10,11,16,4,4,4,8,11,14,9,13,17,9,16,12,12,11,11,10,10,12,8		4	18	10.6	11	9	3.29	12,11,17,11,11,9,5,12,11,8,14,11,15,11,7,12,3,9,14,15,13,11,13,10,10,6,10,10,3,11,5,10,6,10,9,4,9,5,14,5,11,8,7,13,5,2,10,8,6,5,17,17,10,10,12,6,17,11,12,7,7,13,9,9,8,9,15,12,9,8,3,8,7,11,10,11,10,7,7,9,3,10,5,17,17,11,16,13,12,12,10,8,7,7,14,12,12,9,11,7,10,10,9,11,5,7,9,2,8,5,7,7,9,6,7,8,9,6,4,3,10,15,10,9,13,7,13,8,9,9,8,8,8,8,8,13		2	17	9.4	9	9	3.38	8,5,8,11,11,10,4,14,7,7,7,5,8,9,10,11,4,4,10,16,14,15,7,7,-1 ,2,4,5,21,8,8,6,6,5,11,9,7,10,13,9,4,11,6,11,10,6,5,5,7,1,8,8,10,5,12,12,-4,8,10,14,12,7,10,12,10,9,13,10,7,9,5,7,5,9,8,9,8,11,4,10,10,4 ,11,14,14,10,7,7,7,12,13,11,9,9,11,10,8,11,7,10,9,18,9,5,9,8,10,4,12,4,10,8,6,5,7,5,8,2,5,21,3 ,7,5,11,7,7,13,5,10,10,8,10,12,10,10,14		-4	21	8.5	8.5	10	3.67		10
11		14,14,13,14,17,14,11,10,12,15,15,14,14,10,15,4,12,9,13,14,15,14,15,16,12,14,10,15,14,9,8,14,15,14,10,14,13,14,14,14,14,9,13,12,14,14,14,15,14,15,14,13,17,13,9,10,16,13,15,6,14,15,10,5,13,10,7,9,9,14,17,14,14,11,14,9,12,10,12,13,13,11,10,4,5,10,11,18,7,5,9,15,15,14,11,5,5,14,16,4,11,11,4,16,8,14,10,13,4,12,12,12,12,13		4	18	12.0	13	14	3.28	10,10,11,10,10,9,17,14,13,9,6,5,14,11,8,3,0,0,14,11,10,9,8,6,12,4,10,9,12,7,13,21,4,19,20,17,20,9,17,20,18,14,10,6,6,9,10,6,12,5,13,6,3,0,6,9,3,14,7,7,5,5,8,5,9,16,7,15,15,13,12,12,12,15,15,9,14,12,12,10,11,16,13,6,4,12,4,6,10,5,9,8,12,11,14,4,3,15,16,3,12,12,6,13,16,12,17,4,4,9,8,9,11,10		0	21	10.0	10	12	4.62	12,12,12,15,15,12,10,10,14,11,5,12,8,9,10,4,0,0,11,7,5,6,12,10,7,7,15,1,11,12,11,7,10,7,10,5,7,5,5,5,5,12,10,5,6,10,8,6,11,4,7,6,8,0,12,12,9,10,7,4,5,7,10,9,10,13,13,12,12,8,7,11,12,14,7,15,13,10,7,6,6,12,11,6,7,12,0,11,5,5,15,5,6,6,14,5,5,9,9,4,11,11,15,8,5,7,15,6,2,11,12,13,13,10		0	15	8.7	9	12	3.66		11
12		14,14,16,16,17,5,14,16,15,17,16,17,9,14,12,11,15,14,15,5,5,15,11,12,11,8,14,11,15,17,14,9,9,5,7,5,15,15,14,15,14,12,17,16,14,10,14,14,15,14,14,6,13,15,15,15,15,11,15,9,11,14,11,15,10,10,10,10,9,17,7,11,13,12,10,10,16,8,14,11,16,15,5,17,16,15,9,17,16,15,10,14,9,9,13,13		5	17	12.6	14	15	3.34	10,9,10,11,11,6,12,5,14,11,8,9,9,12,11,20,8,8,10,6,11,19,10,8,9,9,10,4,14,14,7,19,19,10,3,6,13,10,8,5,12,6,3,9,9,13,10,12,10,10,12,7,5,10,11,11,13,12,4,12,8,11,14,13,8,8,8,8,11,8,12,15,5,18,12,19,13,10,10,15,10,11,6,5,12,9,12,3,7,8,13,9,7,11,9,9		3	20	10.1	10	10	3.58	13,14,15,14,14,5,12,7,10,7,9,8,10,6,11,14,8,6,11,5,5,9,12,3,0,4,-1,2,8,4,9,10,10,10,12,5,10,6,9,5,11,14,13,11,17,14,15,15,9,11,6,11,13,6,13,13,10,7,9,8,10,12,15,12,12,12,12,12,13,4,7,14,13,15,13,15,7,12,10,14,7,14,7,6,6,18,0,3,5,8,15,9,9,14,11,13		-1	18	9.8	10	14	3.97		12
13		6,15,15,15,15,15,15,15,10,16,17,10,11,10,8,12,12,12,16,14,13,12,17,13,10,10,12,12,17,11,17,15,13,18,13,15,15,9,6,10,14,10,17,15,15,22,10,13,19,11,16,16,16,11,12,6,7,16,7,18,13,11,18,13,17,18,15,11,16,17,10,4,15,17,14		4	22	13.3	14	15	3.49	9,10,10,9,9,12,13,11,21,13,9,6,7,19,4,16,5,6,7,8,7,14,10,11,9,19,8,8,7,6,11,10,9,4,17,14,15,15,5,12,4,17,10,11,10,6,15,18,11,10,12,12,11,16,16,8,6,12,8,8,5,13,7,8,8,10,11,12,12,14,17,7,7,9,9		4	21	10.5	10	9	3.89	10,13,15,13,16,17,15,15,10,10,11,9,15,18,8,15,0,14,6,14,2,4,4,17,10,10,11,11,8,14,16,12,8,11,17,12,10,13,6,13,1,15,8,14,15,14,16,9,9,15,14,13,14,16,17,6,10,8,10,7,13,12,6,10,13,8,12,20,6,7,10,4,8,6,13		0	20	11.1	11	10	4.19		13
14		16,16,15,15,17,16,10,16,18,19,6,13,16,19,16,15,16,16,13,6,20,8,21,13,16,17,10,17,17,17,16,16,12,18,14,15,14,14,22,12,10,18,17,17,17,12,11,17,13,6,17,6,16,16,13,13,17,17,18,11,16,17,11,15,12,13,14,15,6		6	22	14.6	16	16	3.56	10,10,12,10,13,10,18,13,10,1,6,11,15,6,11,15,16,9,12,5,14,18,9,6,16,7,10,11,20,18,11,11,14,7,21,4,19,18,9,11,19,8,11,11,10,18,16,7,16,9,15,13,11,9,13,8,13,13,7,9,14,7,12,12,18,11,11,10,6		1	21	11.7	11	11	4.16	15,15,17,15,14,18,13,11,9,11,7,10,13,9 ,19,8,12,11,16,6,9,8,8,1,10,12,16,7,10,10,14,16,11,15,8,11,8,6,21,17,18,10,15,15,15,17,13,9,15,10,12,7,16,1,14,13,17,14,9,10,12,9,13,10,14,17,14,16,12		1	21	12.1	12	15	3.93		14
15		17,17,17,17,18,21,19,19,19,18,20,12,12,16,18,19,19,6,16,17,18,13,17,17,16,13,19,15,18,22,18,20,13,17,16,6,15,18,12,17,17,19,12,12,13,16,18,6,22,19,20,8,8,18,16,17,17,13,13,13,12,16,13,15,17,17,17,19,20,17,16,6,17,12,14,15,13,18,14,15,6,14,17,18,18,15,15,12,17,18,16,18,17,17,20,6,18,17,10,10,17,17,11,18,18,18,18,17,17,17,21		6	22	15.7	17	17	3.59	10,14,11,13,12,14,14,14,14,13,12,18,18,14,18,11,8,13,20,16,18,14,12,12,19,17,13,12,11,8,10,12,11,15,14,5,18,8,18,16,16,11,12,15,14,6,14,6,5,16,11,12,7,12,8,11,11,19,16,16,6,11,14,4,14,11,10,11,16,23,22,10,19,17,11,13,9,11,10,5,6,13,21,18,16,20,20,16,12,13,10,9,12,21,12,5,13,16,20,20,20,17,23,14,5,12,12,12,13,11,12		4	23	13.2	13	12	4.28	10,9,18,18,15,17,19,16,18,17,11,16,16,17,10,9,8,8,7,9,14,18,13,7,12,6,15,8,19,7,15,8,16,14,15,8,17,15,4,13,13,12,18,18,17,13,11,7,13,13,17,12,13,17,13,16,16,15,18,19,14,13,20,16,15,16,17,18,12,10,9,6,14,14,14,8,19,13,18,16,6,18,25,15,15,22,22,12,13,13,20,5,12,14,7,7,9,27,20,20,14,12,9,10,12,16,16,12,20,17,9		4	27	13.8	14	13	4.43		15
16		21,15,20,20,19,20,23,20,8,12,17,14,18,17,12,8,12,18,14,19,17,5,13,14,20,14,14,18,10,19,16,19,10,18,8,15,14,18,18,23,19,14,14,19,18,19,17,18,18,18,13,20,17,20,20,20		5	23	16.3	18	18	3.91	8,11,13,13,14,13,15,12,8,17,11,13,12,14,14,14,12,15,13,18,14,5,12,15,16,14,17,17,10,14,10,9,13,12,15,14,11,11,11,10,11,7,17,11,13,12,13,12,11,10,9,9,6,14,14,7		5	18	12.3	12.5	14	2.84	10,14,18,18,18,21,23,18,7,14,20,8,20,20,17,8,15,19,14,15,19,5,17,12,12,15,18,13,10,12,16,17,16,19,8,12,19,16,18,7,19,2,8,18,14,16,17,17,18,14,17,17,15,20,17,13		2	23	15.0	16	18	4.39		16
17		19,16,22,20,20,22,22,20,23,14,21,7,21,22,20,9,21,15,17,20,16,22,23,19,22,19,19,20,25,16,17,22,19,18,19,14,15,20,20,21,15,19,19,21,15,21,21		7	25	18.9	20	19	3.45	11,9,14,13,12,13,14,16,10,10,20,6,13,15,14,21,8,13,8,19,9,2,11,12,14,17,23,12,18,9,12,10,11,11,14,21,6,12,11,14,19,12,12,22,14,13,13		2	23	13.0	13	14	4.28	15,15,11,19,20,21,20,20,7,14,11,9,11,21,19,6,12,20,10,16,11,15,1,18,22,16,20,11,13,21,14,21,18,18,19,22,20,19,2,9,19,17,19,11,16,19,19		1	22	15.5	17	19	5.18		17
18		21,21,21,21,21,21,20,21,21,24,22,20,6,23,13,13,15,19,22,22,16,21,17,21,16,8,18,20,25,24,21,19,22,19,21,15,25,22,22,20,21,21,21		6	25	19.6	21	21	3.91	18,20,13,13,12,12,14,16,16,8,12,21,7,14,22,17,20,12,15,15,17,12,20,18,10,10,18,12,21,11,11,17,17,17,12,14,30,12,8,12,10,13,12		7	30	14.7	14	12	4.42	15,13,19,21,19,22,22,21,21,16,12,17,7,10,16,15,17,20,22,19,17,11,14,13,23,8,21,21,14,10,19,13,14,10,6,15,3,9,18,19,18,20,21		3	23	15.8	17	21	4.94		18
19		10,22,22,21,21,23,19,9,22,11,27,23,23,16,17,23,24,22,23,19,21,7,22,17,18,22,22		7	27	19.5	22	22	4.89	9,13,13,15,13,16,11,16,20,17,16,14,14,16,16,19,10,11,17,14,17,7,21,14,17,13,13		7	21	14.5	14	13	3.18	10,21,21,23,21,20,32,9,2,6,21,21,21,16,22,14,12,18,13,15,15,7,3,19,17,20,22		2	32	16.3	18	21	6.75		19
20		18,10,23,23,24,25,29,22,13,22,23,23,18,28,25,25,16,20,24,18,13,18,29,24,24,10,18,29,26,25,18,18,13,24,24,15,21,24,26,23,22		10	29	21.3	23	18	4.93	22,19,14,16,17,17,17,16,14,16,16,13,11,15,17,12,21,17,10,11,21,16,18,21,18,8,17,22,22,27,18,9,16,23,17,20,16,9,19,13,20		8	27	16.6	17	16	4.13	21,15,24,24,21,20,25,11,15,19,22,23,20,28,23,22,18,24,22,18,17,25,26,18,26,10,23,19,19,19,20,25,17,12,14,2,22,21,23,22,25		2	28	20.0	21	22	5.02		20
21		14,21,24,24,9,22,25,26,25,25,31,25,26,19		9	31	22.6	24.5	25	5.31	19,15,14,16,6,18,13,11,18,13,23,26,21,19		6	26	16.6	17	19	4.95	22,21,22,24,7,14,21,19,13,21,16,8,15,20		7	24	17.4	19.5	21	5.14		21
22		16,22,23,14,13,14,24,18,25,24,15,24,23,26,22,26		13	26	20.6	22.5	24	4.55	20,18,15,20,20,17,9,23,14,14,20,12,14,23,15,20		9	23	17.1	17.5	20	3.89	22,24,12,3,16,19,18,20,24,24,23,18,23,3,2,12		2	24	16.4	18.5	24	7.59		22
23		28,20,27,29,29,26,26,22,31,26,32,31,32,25,31,27		20	32	27.6	27.5	26	3.37	9,25,24,25,18,13,15,17,35,20,20,24,31,14,38,22		9	38	21.9	21	25	7.68	24,26,20,20,13,24,27,18,22,24,20,19,22,23,21,0		0	27	20.2	21.5	24	6.15		23
24		19,28,29,25,30,27,35,33		19	35	28.3	28.5	-	4.60	17,25,24,16,12,30,24,28		12	30	22.0	24	24	5.89	3,23,22,24,18,25,21,18		3	25	19.3	21.5	18	6.59		24
25		26,21,31,31,28,26,24,28,33,31,31,34		21	34	28.7	29.5	31	3.70	32,24,17,18,15,31,13,30,24,22,22,23		13	32	22.6	22.5	24	5.92	0,25,25,27,6,30,22,26,26,12,12,10		0	30	18.4	23.5	25	9.44		25
26		32,21,35,24,26		21	35	27.6	26	-	5.16	24,30,20,28,29		20	30	26.2	28	-	3.71	20,30,31,29,30		20	31	28.0	30	30	4.05		26
27		33,36,33,33,36,17,39,36		17	39	32.9	34.5	33	6.31	25,26,25,20,28,21,28,23		20	28	24.5	25	25	2.78	21,31,22,33,27,24,21,33		21	33	26.5	25.5	21	4.90		27
28		37,26,34,31,30,31		26	37	31.5	31	31	3.40	24,32,24,23,33,20		20	33	26.0	24	24	4.80	7,7,23,30,30,26		7	30	20.5	24.5	7	9.84		28
29		31,41,25,28,41		25	41	33.2	31	41	6.65	32,17,24,27,36		17	36	27.2	27	-	6.55	12,29,28,29,27		12	29	25.0	28	29	6.54		29
30		25,29,32,31,39,32,34,38		25	39	32.5	32	32	4.27	31,29,37,32,26,26,33,18		18	37	29.0	30	26	5.39	25,33,35,35,20,20,24,4		4	35	24.5	24.5	35	9.71		30
																											
				Perception Modifier								Hit Dice								Average Hit Points							
CR				Min	Max	Mean	Median	Mode	Std Dev			Min	Max	Mean	Median	Mode	Std Dev			Min	Max	Mean	Median	Mode	Std Dev		CR
1		4,0,6,4,0,0,0,7,7,0,6,6 ,0,1 ,0,0,8,9,5,0,6,4,8,0,0,0,4,4,0,5,6,8,8,5,7,5,7,8,6,7,9,4,7,7,1,5,5,6,7,6,7,6,0,0,10,2,4,3,3,6,11,4,4 ,0,0,7 ,4,7,2,0,5,6,4,5,9,6 ,5,5,0,6,5,3,6,6,6,4,8,7,6,6,3,5,7,5,8,5,0,1,7,6,10,9,4,0,5,7,6,6,0,5,0,6,0,0,2,0,7,5,8,5,5,0,6,0,4,6,9,4,6,8,3,6,9,7,5,3,0,4,4,4,4,5,5,5,5,5,5,4,6,4,7,7,6,7,0,6,8,0,0,0,0,9,9,5,6,13,6,5,8,5,5,6,5		0	13	4.6	5	0	2.88	1,2,1,2,1,2,2,2,3,2,2,1,3,3,2,4,1,2,2,2,2,3,3,2,2,2,2,2,2,2,2,2,1,2,2,2,2,3,2,3,2,2,2,2,2,2,1,2,2,2,2,2,3,2,3,2,3,2,2,2,3,2,3,2,2,3,3,2,2,1,2,2,1,1,2,2,2,2,2,2,2,2,2,3,2,2,2,2,2,1,1,2,2,1,1,2,2,2,1,3,2,3,1,2,1,3,2,2,2,1,2,2,1,2,2,2,2,3,2,2,2,2,2,2,2,2,3,1,2,2,2,2,2,3,3,2,2,1,2,2,2,2,2,2,2,2,2,2,2,2,1,3,2,3,2,1,3,2,2,1,2,3,2,1,2,2,3,2,2,2,2,2,2		1	4	2.0	2	2	0.57			4	23	12.2	13	13	3.65		1
2		5,0,10,7,9,9,9,6,5,10,9,15,6,9,11,7,0,6,6,0,6,4,8,9,8,6,5,7,0,6,7,5,6,0,0,9,5,6,2,5,8,4,0,0,8,5,0,0,0,7,4,12,10,10,7,8,8,5,8,4,4,7,9,7,0,12,11,11,7,6,5,5,2,4,8,5,6,8,8,8,8,8,4,7,5,3,4,8,9,11,10,3,0,9,7,0,9,10,9,5,0,0,4,13,3,0,0,6,0,13,0,9,8,8,8,8,6,7,9,8,5,5,6,7,8,0,0,7,10,9,7,8,0,10,0,4,5,17,0,0,6,9,9,6,0,6,11,6,7,6,6,10,6,7,8,5,4,0,10,0,0,8,0,0,9,9,5,15,0,9,7,2 ,7,4,8,5,10,6,4,9,9,9,8,11,7,9,8,6,0,0,8,8,10,7,6,6,10,5,4,4,4,7,7,6,8,9,11,0,8,8,7,10,9,7,6,7,7,5 ,0,8,0,5,5,9,7,9,5,3,7,7,8,0,9,10,8,2,9,8,0,10,11,10,0,10,7,2,0,4,9,5,8,9,7,11,10,8,7,8,5,0,7,7,8,8,4,4,0,10,11,0,6,7,7,0,0,6		0	17	6.1	7	0	3.52	2,3,3,3,3,3,3,2,2,3,3,3,3,3,4,3,4,2,2,3,2,3,3,3,3,2,1,3,2,4,3,2,3,3,3,3,3,3,3,3,4,3,3,3,3,3,2,4,2,3,4,3,4,4,3,3,3,3,2,3,3,3,2,3,3,4,4,2,3,3,2,3,3,2,4,3,2,2,2,3,3,3,3,3,3,2,3,2,3,4,3,4,2,3,2,3,2,3,4,2,3,4,3,3,3,3,3,3,4,4,3,4,3,4,3,3,3,3,3,3,3,3,2,3,4,1,1,3,3,3,2,3,3,4,3,2,3,4,3,4,4,2,3,2,4,2,3,3,4,3,3,4,4,2,3,3,3,3,3,3,2,3,3,3,3,3,3,3,2,4,3,3,3,2,3,3,3,2,3,4,3,3,4,3,3,3,3,3,4,4,1,3,3,3,3,2,4,3,3,3,3,3,3,3,4,3,3,3,3,3,4,2,3,3,3,4,4,2,3,3,2,2,2,3,3,3,1,3,3,3,3,4,4,4,4,2,3,3,3,3,3,2,2,3,3,3,1,3,2,3,3,2,3,4,3,3,3,3,3,3,2,2,2,2,2,2,3,3,4,3,3,3,4,3,3,3		1	4	2.9	3	3	0.66			4	46	19.3	19	22	4.83		2
3		12,9,0,8,8,5,7,0,8,8,0,10,7,8,10,0,11,8,7,6,5,8,9,9,0,0,7,9,12,6,10,6,9,0,11,10,6,8,10,11,9,10,4,0,9,8,14,0,6,8,8,9,12,11,10,9,7,7,9,8,0,11,6,8,0,9,9,7,8,7,6,6,7 ,6,5,7,12,6,10,8,0,11,4,4,0,5,4,17,6,0,15,9,5,0,6,8,0,0,4,11,7,9,0 ,4,8,4,9,12,7,0,5,0,7,0,10,7,8,7,7,11,13,0,5,2,6,6,9,0,17,8,10,11,7,9,8,9,8,9,9,4,9,7,8,7,8,6,14,4,9,5,7,28,11,11,10,7,7,7,7,7,7,7,7,7,5,0,6,8,6 ,10,4,10,9,9,5,10,0,7,11,12,11,0,0,10,8,5,6,10,11,9,11,10,0,12,5,8,11,9,9,11,11,12,6,7,12,7,7,4,5,7,10,0,8,9,6,6,10,9,8,11,0,8,4,9,9,4,7,10,4,7,7,7,10,7,6,0,12,3,10,8,8,9,13,9,12,8,11,10,10,7,9,0,8,12,0,8,0,7,9,9,0,8,8,4,4,0,0,7,7,10,11,6,9,9,9,9,10,4		0	28	7.2	8	7	3.80	5,4,1,4,4,4,4,3,3,4,4,4,5,3,4,4,4,4,4,4,4,5,4,5,3,4,4,4,4,4,6,4,5,4,5,5,2,2,4,4,4,4,4,4,4,4,4,3,4,4,4,5,5,5,5,4,4,5,4,4,3,6,4,4,4,4,5,3,3,4,4,4,4,2,4,3,4,4,5,4,4,4,5,5,4,5,4,4,4,5,4,4,4,4,4,4,4,5,5,4,5,4,4,4,4,4,5,5,4,5,4,5,3,4,4,4,3,4,4,4,5,5,3,2,4,6,4,4,5,4,4,5,4,4,4,4,4,5,6,4,6,4,4,4,4,4,3,3,5,4,4,14,3,4,5,4,4,4,4,4,4,4,4,4,4,4,3,4,4,4,4,4,4,7,4,4,3,3,4,4,4,4,3,5,3,4,4,6,4,4,4,4,4,5,4,4,5,4,4,4,4,3,4,4,5,4,4,4,4,4,3,4,3,4,4,3,4,5,4,4,4,5,4,5,6,3,4,4,5,4,4,4,3,3,4,4,4,4,6,3,4,4,4,4,4,4,4,5,4,3,4,4,4,5,5,4,4,4,4,7,4,3,3,3,3,3,3,3,3,3,4,4,4,4,4,4,5,5		1	14	4.1	4	4	0.96			14	217	30.3	30	30	12.94		3
4		9,10,11,11,8,7,10,4,10,12,11,9,9,10,8,12,11,11,12,0,0,8,0,0,10,8,10,11,0,0,11,9,13,0,0,13,7,10,9,4,9,0,4,10,5,5 ,0,11,0,13,8,0,0,10,8,8,11,13,5,12,12,11,8,14,10,13,5,8,9,9,4,0,10,0,8,5,11,16,0,11,12,12,0,9,5,8,8,0,0,4,8,14,0,0,8,14,9,9,8,6,10,10,0,11,5,7,12,8,6,10,8,14,7,7,10,12,10,12,10,10,9,12,5,11,0,8,8,0,9,13,5,11,4,14,11,10,8,9,0,0,14,15,5,0,5,6,0,0,11,9,6,5,10,8,7,9,9,12,0,14,10,10,6,11,8,6,12,6,9,7,10,11,9,10,12,8,13,11,10,12,0,0,6,9,11,15,12,7,9,8,18,0,0,0,13,6,0,10,10,11,6,11,10,7,9,8,8,12,5,7,0,7,0,1,4,11,0,6,15,8,8,11,0,10,9,9,11,8,11,6,10,5,0,12,11,11,9,13,11,10,14,8,8,10,9,0,0,8,8,10,10,11,0,11,9,10,9,10,12,10,9,10		0	18	7.8	9	0	4.26	5,6,7,5,4,4,6,6,5,5,6,5,5,5,4,6,4,6,5,5,5,5,6,6,5,5,5,5,6,9,5,5,4,6,4,5,5,6,5,9,5,5,4,5,5,4,4,5,6,5,5,7,5,5,6,6,6,5,5,5,5,6,4,5,5,5,5,5,7,9,6,5,6,5,2,4,5,9,5,4,6,6,4,6,5,4,4,7,7,6,5,6,5,7,5,5,6,5,5,4,6,5,4,5,5,4,5,5,5,5,5,4,5,7,5,6,6,7,5,5,6,5,4,6,4,5,4,6,5,7,5,5,4,6,6,5,5,6,6,5,6,2,3,4,6,5,3,5,6,5,6,4,3,6,4,4,4,6,5,7,6,5,5,6,5,5,5,5,4,5,5,5,6,5,5,5,6,5,5,6,6,5,5,4,5,6,5,5,6,4,8,6,5,5,5,4,6,7,6,4,5,6,5,6,6,4,5,7,5,4,6,4,5,8,5,6,5,4,6,5,5,6,4,7,5,5,6,6,5,5,6,4,5,5,4,5,6,5,5,5,5,5,5,6,6,5,5,4,4,4,4,6,5,6,5,5,6,6,4,5,6,5		2	9	5.2	5	5	1.00			7	65	39.2	39	42	7.65		4
5		9,12,7,15,20,6,0,10,4,0,0,6,0,10,10,10,10,13,13,15,0,0,10,12,2,8,12,18,9,12,11,10,0,13,12,11,14,13,15,13,9,15,17,0,11,11,11,9,12,8,11,7,16,9,14,6,11,11,16,12,11,0,13,10,13,9,10,11,7,10,10,7,0,9,12,0,12,10,12,15,0,0,13,5,5,7,11,11,5 ,9,7,7,17,0,0,12,11,0,13,9,10,0,5,15,12,12,0,11,8,16,8,9,11,11,11,0,0,12,10,0,13,11,15,8,13,11,11,11,11,11,11,11,11,11,11,9,0,5,16,11,9,10,14,12,12,10,16,10,5,12,12,12,15,11,12,13,11,0,5,14,14,19,5,16,16,6,0,8,12,9,10,11,6,8,0,14,14,10,9,14,8,9,0,10,8 ,8 ,15,14,11,0,9,15,10,14,4,11,8,13,13,7,14,0,13,8,10,16,6,13,12,12,12,9,0,14,11,11,9,10,9,13,15,11,13		0	20	9.5	11	11	4.64	8,7,7,6,6,6,6,7,11,7,7,2,7,7,6,7,6,7,7,7,5,7,5,6,5,9,7,6,6,7,6,6,6,6,5,6,6,7,6,6,8,8,7,8,7,6,10,6,8,8,7,6,8,5,7,6,8,8,5,7,6,5,7,7,6,7,6,6,6,7,6,4,5,6,7,5,7,6,6,6,8,9,7,7,8,7,8,7,7,7,7,7,6,7,8,4,5,6,6,4,6,6,6,9,6,8,7,8,5,8,7,6,8,8,7,6,6,7,6,6,6,6,7,8,6,8,8,8,8,8,8,8,8,8,8,8,6,7,8,6,6,6,7,6,6,6,8,9,5,5,5,7,6,6,6,5,6,6,7,7,7,9,7,7,5,6,6,5,8,6,6,6,6,6,6,7,7,7,6,7,6,6,6,6,4,4,8,9,7,4,6,5,5,10,9,7,7,6,6,5,6,6,6,6,6,7,6,6,6,6,6,5,7,6,7,6,7,5,6,6,6,6,5		2	11	6.5	6	6	1.18			9	76	53.4	52	52	8.91		5
6		0,0,14,13,0,10,11,16,14,19,17,11,14,16,0,14,20,11,0,9,11,16,15,13,15,18,14,14,18,6,8,5,7,11,15,15,10,16,18,0,0,0,11,8,11,14,12,11,7,15,11,14,12,0,15,0,16,11,12,18,0,9,8,15,0,12,16,0,0,16,4,11,9,11,0,11,0,12,11,14,13,13,13,16,14,12,13,14,7,11,11,0,12,21,0,22,11,14,15,11,11,11,0,6,15,0,14,10,13,0,10,13,6,16,15,0,12,16,13,5,16,13,8,0,11,9,12,8,11,6,18,13,9,11,9,13,12,12,15,0,15,12,10,13,10,6,6,5,13,13,16,7,0,16,10,0,15,11,12,0,12,13,9,11,12,16,13,14,15,0,6,10,7,8,10,7,0,9,6,15,0,10,17,0,12,13,16,12,0,17,8,11,0,0,15,10,18,13,14,10,11,13,12		0	22	10.2	11	0	5.51	8,9,10,7,9,6,8,8,8,7,9,8,8,9,12,9,8,7,8,13,8,8,8,8,7,9,8,9,8,6,6,9,8,8,8,8,8,8,10,8,8,7,8,9,8,8,8,8,7,11,8,8,8,8,10,8,8,9,10,10,7,8,8,1,9,7,12,10,9,10,8,7,8,7,6,7,8,8,7,10,8,8,8,9,6,8,9,8,8,7,8,7,9,8,12,5,8,8,9,8,8,8,10,11,7,8,8,9,8,8,8,10,9,9,8,7,7,7,8,9,9,9,7,8,6,6,7,6,6,8,8,9,7,6,9,8,9,9,7,9,11,8,8,9,8,8,7,8,9,6,8,7,9,9,7,9,9,9,8,8,9,8,7,12,6,8,7,10,8,5,10,6,9,8,8,6,9,6,8,7,6,8,9,9,7,7,5,7,9,9,8,9,8,8,8,7,7,9,7,8,7,7,7		1	13	8.1	8	8	1.37			27	100	68.1	68	68	9.99		6
7		10,17,14,9 ,19,11,30,19,14,18,12,13,0,0,8,22,19,13,11,10,0,0,11,8,14,10,15,12,13,13,10,19,8,10,11,12,13,4,14,19,12,15,0,16,0,14,16,0,13,14,21,0,12,0,0,16,10,13,18,14,0,0,12,30,12,13,16,12,13,19,11,6,15,18,6,18,13,13,13,13,13,13,13,4,13,13,13,14,15,12,15,14,16,15,16,17,11,0,13,13,12,5,0,0,14,16,16,10,18,19,0,15,16,23,15,20,7,9,15,13,20,14,16,8,20,14,16,6,15,13,13,13,16,0,0,15,17,10,20,20,14,5,13,0,18,9,14,17,10,17,14,11,10,16,12,14,23,21,14,0,11,16,15,15,15,0,18,16,16,12,16,15,16,13,17,12,18,15,0,7,14,14,12,13,20,12		0	30	12.4	13	13	5.92	10,10,8,7,9,10,11,10,7,9,7,9,8,10,8,9,8,7,10,10,10,11,8,9,9,9,9,7,9,9,9,10,8,10,8,10,9,10,7,8,9,9,9,10,10,9,10,9,8,10,11,8,8,8,9,10,8,9,7,11,9,10,9,14,9,10,9,9,10,10,8,8,9,9,10,10,10,10,10,10,10,10,10,8,10,10,10,7,9,7,10,9,9,9,10,9,8,10,8,7,10,10,9,10,10,10,8,10,9,10,7,9,8,7,9,10,9,4,10,7,10,8,9,10,14,8,9,8,7,9,8,11,9,10,9,11,9,9,7,7,9,8,9,7,7,10,11,10,10,8,10,8,9,12,8,10,8,8,9,10,9,9,8,10,9,9,10,10,9,8,8,10,8,10,8,8,10,8,11,8,8,8,8,8,10,8		4	14	9.0	9	10	1.25			22	125	82.3	84.5	85	12.94		7
8		20,16,17,21,25,18,20,16,14,16,16,8,18,14,18,14,21,0,20,11,13,0,17,18,23,21,19,17,6,0,14,16,12,15,27,14,12,9,20,17,17,15,19,16,21,16,17,20,13,0,15,14,9,17,14,19,10,0,8,0,0,12,4,14,0,18,16,0,17,13,13,9,12,13,13,18,21,4,8,15,13,13,15,12,14,20,19,19,19,10,19,0,15,11,18,0,18,19,13,15,10,0,11,13,23,9,12,16,18,23,0,17,17,13,0,21,0,3,13,10,21,26,16,4,7,21,11,18,0,0,15,12,18,14,0,0,0,14,18,12,16,12,18,14,11,19,23,25,12,24,14,16,15,13,18,3,13,15,10,10,8,14,20,14,15,14,5,17		0	27	13.3	14	0	6.57	9,9,12,10,11,10,10,10,9,10,12,10,12,9,10,10,10,11,11,8,12,12,9,13,12,10,10,11,10,12,11,10,9,9,12,9,14,8,11,9,12,10,11,12,10,9,11,10,9,10,9,9,12,8,8,10,12,11,12,12,12,9,10,10,12,10,10,11,8,8,8,12,8,10,9,11,12,12,10,10,10,10,10,12,11,11,8,10,10,9,11,12,9,9,10,12,10,10,9,9,9,10,12,8,14,11,10,9,7,9,11,10,11,8,10,12,12,9,10,10,10,11,14,6,10,11,8,12,10,10,10,8,10,10,11,12,14,10,12,12,10,9,13,10,8,10,12,13,12,14,10,9,12,10,11,12,9,9,10,10,12,13,11,9,9,9,9,9		6	14	10.3	10	10	1.49			52	150	96.0	95	95	14.95		8
9		25,0,23,11,13,13,13,23,13,18,24,18,20,9,19,20,14,9,14,7,15,0,23,15,0,13,0,7,25,21,19,9,14,25,10,23,17,16,14,17,15,15,0,10,18,10,20,17,12,19,21,22,6,25,6,16,16,16,12,16,16,16,16,16,16,16,20,21,15,0,17,20,20,18,22,15,15,15,19,22,17,0,14,17,17,24,15,21,21,21,15,10,6,12,15,18,15,19,12,16,13,17,0,14,13,9,14,15,18,11,11,20,22,0,15,0,22,17,10,16,0,21,10,15,17,0,18,4,25,37,11,24,23,21,20,17,23,20,20,16,16,19,25,20,19,14,20,16,17,22,15,14,18,20,20		0	37	15.5	16	15	6.47	11,12,13,12,10,12,12,9,12,15,13,13,12,11,10,14,10,7,12,12,10,10,14,14,15,13,12,11,14,12,10,13,12,15,11,15,10,12,10,9,12,12,11,14,12,15,11,12,8,10,11,12,12,14,10,13,13,13,12,13,13,13,13,13,13,13,14,14,10,12,11,11,11,11,9,12,11,12,11,10,11,12,9,12,12,14,14,9,11,12,9,10,10,7,9,9,12,10,12,8,11,11,12,15,11,11,11,16,12,13,12,11,10,15,10,12,10,12,12,12,11,12,12,11,13,16,12,10,15,18,10,14,12,8,10,12,9,15,12,11,10,11,14,11,11,10,10,10,10,10,11,10,12,10,11		7	18	11.7	12	12	1.83			65	153	112.8	114	114	14.03		9
10		19,0,13,19,23,22,0,27,16,12,17,6,23,28,22,17,0,0,18,26,23,29,25,23,26,10,15,12,0,18,15,11,11,0,20,14,14,15,18,0,6,19,19,19,19,9,22,10,20,0,16,16,21,27,23,27,16,15,18,20,17,15,17,23,24,22,24,18,20,11,0,17,0,18,19,26,19,0,9,21,17,17,31,21,21,18,28,10,17,30,22,16,16,20,19,16,14,15,32,17,21,23,19,9,11,15,22,11,20,0,21,21,21,0,21,19,16,19,0,0,25,17,15,17,11,23,27,22,21,21,15,15,17,17,16,20		0	32	16.6	18	0	7.60	14,15,15,13,13,13,14,12,12,14,13,13,17,18,13,15,13,13,12,13,12,17,11,10,14,12,14,10,20,13,12,11,11,15,15,15,12,11,12,14,12,14,13,14,15,12,12,13,12,20,13,13,14,10,12,15,10,15,13,13,12,15,12,12,10,15,12,13,12,15,13,13,16,15,13,12,8,9,10,12,12,7,13,12,12,13,9,12,10,18,15,11,11,11,14,12,10,15,14,12,13,12,15,12,12,9,13,11,14,14,12,17,8,15,15,11,10,13,13,14,15,10,12,10,13,15,17,12,12,12,11,11,11,11,11,13		7	20	12.8	13	12	2.16			52	178	124.5	126	126	20.87		10
11		24,24,20,25,28,20,22,19,28,19,8,24,21,13,22,0,0,0,17,22,24,7,19,17,10,14,26,4,13,20,24,19,19,19,19,19,19,19,19,19,19,20,21,4,5,25,13,17,22,4,18,19,22,0,27,20,23,21,9,14,17,15,29,0,18,27,23,18,18,9,20,24,25,20,18,21,21,20,19,14,23,18,18,20,0,21,0,25,15,0,27,0,15,17,27,0,0,16,25,0,19,19,0,7,27,20,24,19,0,19,22,22,18,18		0	29	16.7	19	19	8.07	14,14,14,14,16,14,16,12,14,14,14,14,12,14,16,14,17,16,10,14,11,14,15,16,15,14,15,16,15,14,13,16,16,16,16,16,16,16,16,16,16,14,12,16,15,11,13,14,14,14,11,10,10,15,15,14,10,14,16,14,13,16,15,15,13,17,14,14,14,14,16,15,15,14,12,14,14,15,10,12,9,10,14,12,16,15,15,18,15,15,14,12,15,14,11,16,15,14,20,14,14,14,14,14,14,14,16,11,14,13,13,12,12,13		9	20	14.1	14	14	1.84			91	195	144.2	147	147	18.03		11
12		22,25,22,27,19,26,20,12,22,25,19,27,15,21,20,25,25,0,18,0,0,31,22,31,21,17,19,26,28,32,25,19,19,18,16,0,17,15,17,6,24,22,21,15,23,18,25,21,18,22,19,24,24,23,26,26,29,25,14,14,15,18,22,28,26,26,26,26,23,18,18,23,24,22,21,24,8,13,25,21,26,26,15,0,17,13,21,12,15,12,24,22,10,17,19,25		0	32	19.8	21	26	6.85	15,15,15,15,11,16,16,14,16,17,17,16,12,12,15,19,14,17,12,16,16,16,14,12,14,12,14,9,14,20,16,16,16,16,11,15,16,16,14,15,16,17,13,15,14,14,14,14,15,12,14,11,12,14,16,16,14,10,15,10,11,13,15,13,17,17,17,17,13,16,16,16,12,20,17,16,15,17,16,12,12,14,15,16,14,15,13,14,13,17,16,17,15,16,14,14		9	20	14.7	15	16	2.07			85	203	157.6	161	161	23.00		12
13		0,22,28,24,25,30,23,22,0,14,17,29,22,31,0,25,0,23,21,28,14,28,21,16,0,0,16,16,24,20,20,21,18,26,27,27,16,21,0,24,0,27,20,24,27,34,28,26,34,21,28,27,21,32,30,12,25,17,0,14,24,20,10,22,27,18,22,25,13,7,0,0,19,25,20		0	34	19.2	21	0	9.52	18,16,16,16,16,16,17,16,30,18,19,13,16,19,25,18,16,16,17,19,13,16,16,13,30,30,16,16,19,19,13,15,13,12,22,14,17,14,18,15,18,18,16,17,17,21,18,15,15,14,17,17,16,14,18,18,16,16,22,19,12,14,14,13,19,13,18,15,20,16,30,14,17,15,15		12	30	17.1	16	16	3.87			118	283	178.8	184	184	25.99		13
14		23,23,25,25,24,35,21,26,22,30,0,23,22,0,26,27,23,16,26,0,27,13,13,0,23,22,27,14,31,21,24,30,20,15,20,20,20,20,31,25,33,24,29,29,25,26,21,27,22,13,27,22,27,22,23,23,30,29,18,13,23,23,22,23,23,26,18,27,0		0	35	21.8	23	23	7.66	17,17,17,17,17,19,14,15,14,20,20,12,15,27,14,15,15,19,18,19,16,19,18,20,15,16,20,20,21,15,18,18,17,18,16,16,16,16,14,17,20,19,18,18,18,19,17,19,15,18,18,18,17,14,16,17,19,19,20,17,19,20,13,17,16,16,15,16,20		12	27	17.3	17	17	2.31			110	391	198.4	200	195	38.10		14
15		12,21,30,26,26,29,33,32,26,25,27,23,23,36,25,22,4,0,29,28,27,32,23,24,27,29,26,28,21,19,23,23,23,24,23,20,23,21,31,28,28,29,34,28,19,26,24,24,23,23,25,22,29,34,26,25,25,28,28,26,22,26,0,25,29,27,30,27,31,24,22,0,37,24,21,0,33,30,34,32,0,30,33,27,27,27,27,22,24,24,16,19,21,24,23,20,22,22,30,30,31,26,25,20,30,31,31,22,29,33,12		0	37	24.6	26	23	7.25	19,17,18,18,19,21,21,21,18,17,22,16,16,16,20,15,24,20,19,17,17,22,17,15,15,18,18,13,18,16,17,18,15,17,17,18,17,16,20,18,18,19,22,21,19,16,20,20,18,18,17,18,18,19,16,19,19,16,20,18,17,16,18,20,18,19,19,19,20,19,17,20,20,18,15,15,22,15,15,14,20,22,18,18,18,19,19,17,20,15,22,18,15,17,18,18,18,15,17,17,16,17,20,17,17,20,20,18,20,18,22		13	24	18.1	18	18	2.04			136	297	215.2	217	225	30.94		15
16		27,26,34,34,30,35,38,30,24,22,28,0,30,40,24,8,25,27,24,24,18,8,0,25,28,35,17,24,0,16,27,26,28,32,0,27,29,27,33,24,27,0,29,36,0,25,27,29,32,36,27,28,24,35,34,26		0	40	24.4	27	27	10.40	21,21,22,22,22,22,24,22,20,17,17,24,18,18,15,25,22,21,18,16,24,16,24,16,21,20,20,15,32,19,24,15,17,20,24,14,21,20,20,20,17,21,20,17,21,16,21,21,21,18,18,20,21,23,23,17		14	32	20.1	20	21	3.18			108	346	243.4	246	250	40.75		16
17		30,31,28,32,35,32,37,28,0,20,26,0,28,26,31,0,30,35,23,26,25,32,27,29,33,30,34,28,31,29,24,32,28,30,30,39,29,31,27,28,33,29,35,26,27,34,36		0	39	28.0	29	28	8.18	21,21,23,23,23,23,23,18,22,25,23,23,20,19,21,27,25,24,19,18,20,14,26,23,23,18,17,20,16,13,18,15,21,21,23,24,20,22,17,18,25,22,22,18,20,24,24		13	27	21.0	21	23	3.13			188	333	276.0	275	310	29.62		17
18		28,30,32,38,34,35,39,39,38,31,17,24,11,39,29,28,28,36,38,37,37,28,37,28,33,0,30,35,26,8,23,36,27,26,26,37,31,27,34,30,26,34,37		0	39	29.9	31	28	8.31	18,20,24,24,24,24,23,25,24,20,25,20,19,20,24,24,20,21,25,25,21,20,20,18,25,25,20,22,19,30,23,25,24,20,20,25,20,25,18,23,22,25,25		18	30	22.4	23	20	2.65			202	368	304.9	304	297	34.77		18
19		0,33,33,35,35,34,50,0,23,33,36,39,39,15,32,27,27,30,32,33,29,11,30,31,36,34,40		0	50	29.5	33	33	11.07	30,25,25,25,25,25,30,28,23,20,19,26,26,20,22,18,20,22,23,23,19,21,21,22,19,26,26		18	30	23.3	23	25	3.26			205	387	322.3	333	337	46.64		19
20		34,0,40,42,36,34,38,48,28,34,37,40,35,37,38,34,31,39,33,32,26,37,31,33,41,0,47,40,40,18,35,37,27,40,34,34,39,29,37,35,37		0	48	33.8	35	34	9.33	24,30,26,26,27,22,20,24,24,20,27,27,28,24,24,22,20,31,23,21,19,29,20,20,24,30,34,30,30,30,24,25,18,22,29,19,24,23,30,27,25		18	34	24.9	24	24	3.92			225	495	355.9	370	391	54.47		20
21		35,33,37,43,11,30,42,43,31,41,29,34,45,33		11	45	34.8	34.5	33	8.36	20,21,28,28,23,22,20,31,16,22,36,24,22,24		16	36	24.1	22.5	22	4.95			270	522	384.1	397.5	406	57.96		21
22		37,45,24,34,29,30,26,33,38,40,37,40,45,31,31,20		20	45	33.8	33.5	37	6.92	23,36,24,30,24,20,18,24,29,29,22,30,27,33,23,25		18	36	26.1	24.5	24	4.66			252	525	385.0	392.5	-	75.66		22
23		39,43,45,47,27,34,45,31,50,38,51,45,50,33,49,44		27	51	41.9	44.5	45	7.21	23,27,30,32,27,22,30,23,40,26,27,29,40,22,40,27		22	40	29.1	27	27	5.96			363	553	471.3	471	471	48.82		23
24		34,46,30,44,35,36,49,35		30	49	38.6	35.5	35	6.32	23,27,30,26,24,27,40,27		23	40	28.0	27	27	4.95			356	660	520.5	526	526	76.42		24
25		57,42,44,53,39,43,35,45,48,43,43,38		35	57	44.2	43	43	5.89	40,28,20,30,25,32,27,27,38,30,30,28		20	40	29.6	29	30	5.14			434	665	560.8	554	518	64.46		25
26		37,46,52,49,51		37	52	47.0	49	-	5.40	30,32,31,34,35		30	35	32.4	32	-	1.85			528	717	605.0	604	-	64.05		26
27		38,53,43,60,45,41,61,55		38	61	49.5	49	-	8.31	32,33,30,36,31,27,40,33		27	40	32.8	32.5	33	3.67			337	820	621.6	643	643	124.47		27
28		55,54,45,63,51,42		42	63	51.7	52.5	-	6.87	33,33,34,39,31,33		31	39	33.8	33	33	2.48			604	697	654.8	671	676	35.10		28
29		54,58,49,47,64		47	64	54.4	54	-	6.15	33,40,35,34,48		33	48	38.0	35	-	5.55			612	900	774.6	742	-	107.69		29
30		43,52,58,58,45,45,45,59		43	59	50.6	48.5	45	6.46	34,36,36,35,35,35,35,42		34	42	36.0	35	35	2.35			612	861	738.1	763	774	93.18		30
																											
	% w/			Spell Resist (of creatures with SR)								Base Attack Bonus															
CR	SR			Min	Max	Mean	Median	Mode	Std Dev			Min	Max	Mean	Median	Mode	Std Dev			Min	Max	Mean	Median	Mode	Std Dev		CR
1	9%			12	16	12.7	12	12	1.45			0	3	1.3	1	1	0.66										1
2	11%			7	17	12.9	13	13	1.96			0	4	2.3	2	2	0.74										2
3	9%			12	24	14.6	14	14	2.21			1	14	3.4	3	3	1.04										3
4	18%			9	27	15.0	15	15	2.16			1	8	4.2	4	3	1.15										4
5	11%			15	20	16.5	16	16	1.36			1	9	5.5	6	6	1.31										5
6	19%			13	18	16.8	17	17	0.74			3	12	6.8	7	6	1.48										6
7	20%			12	22	17.7	18	18	1.50			2	11	7.9	8	7	1.62										7
8	22%			19	23	19.3	19	19	0.92			4	12	8.9	9	9	1.64										8
9	22%			16	24	20.0	20	20	1.37			4	15	10.2	10	12	2.09										9
10	36%			18	25	21.2	21	21	0.94			5	20	11.2	11	11	2.40										10
11	37%			18	27	22.0	22	22	1.01			8	16	12.9	13.5	14	2.16										11
12	44%			22	27	23.1	23	23	0.89			5	16	12.9	13	16	2.50										12
13	47%			20	27	24.0	24	24	0.87			6	30	15.0	14	12	4.82										13
14	61%			25	25	25.0	25	25	0.00			6	21	15.7	16	15	2.97										14
15	68%			26	31	26.2	26	26	0.91			10	22	17.1	17	18	2.35										15
16	75%			22	31	27.0	27	27	1.00			12	32	18.7	18	15	3.54										16
17	70%			25	32	28.0	28	28	0.89			9	27	19.4	20	23	3.98										17
18	79%			29	32	29.1	29	29	0.51			10	25	21.3	22	25	3.67										18
19	81%			30	30	30.0	30	30	0.00			16	30	22.3	22	25	3.60										19
20	78%			29	35	31.0	31	31	0.87			18	30	24.0	24	24	3.60										20
21	79%			32	32	32.0	32	32	0.00			16	36	23.5	22.5	22	4.56										21
22	81%			33	33	33.0	33	33	0.00			18	33	25.0	24	24	3.81										22
23	100%			31	34	33.8	34	34	0.75			22	40	29.1	27	27	5.96										23
24	100%			35	35	35.0	35	35	0.00			23	40	28.0	27	27	4.95										24
25	92%			31	36	35.4	36	36	1.49			18	40	29.4	29	30	5.47										25
26	80%			37	37	37.0	37	37	0.00			30	35	32.4	32	-	1.85										26
27	88%			37	38	37.7	38	38	0.45			20	40	31.9	32.5	33	5.37										27
28	67%			39	39	39.0	39	39	0.00			31	39	33.8	33	33	2.48										28
29	100%			40	40	40.0	40	40	0.00			25	48	36.2	35	-	7.63										29
30	63%			41	41	41.0	41	41	0.00			27	42	34.9	35	35	3.79										30